"id","obstime","yij","group"
1,0.05,0,1
1,0.1,0,1
1,0.15,1,1
1,0.2,0,1
1,0.25,0,1
1,0.3,0,1
1,0.35,0,1
1,0.4,1,1
1,0.45,0,1
1,0.5,0,1
1,0.55,1,1
1,0.6,1,1
1,0.65,1,1
1,0.7,0,1
1,0.75,1,1
1,0.8,0,1
1,0.85,1,1
1,0.9,1,1
1,0.95,0,1
1,1,0,1
2,0.05,0,1
2,0.1,0,1
2,0.15,0,1
2,0.2,0,1
2,0.25,1,1
2,0.3,0,1
2,0.35,0,1
2,0.4,0,1
2,0.45,0,1
2,0.5,0,1
2,0.55,1,1
2,0.6,1,1
2,0.65,1,1
2,0.7,1,1
2,0.75,1,1
2,0.8,1,1
2,0.85,0,1
2,0.9,1,1
2,0.95,1,1
2,1,0,1
3,0.05,1,1
3,0.1,0,1
3,0.15,0,1
3,0.2,0,1
3,0.25,0,1
3,0.3,0,1
3,0.35,0,1
3,0.4,0,1
3,0.45,0,1
3,0.5,0,1
3,0.55,0,1
3,0.6,1,1
3,0.65,1,1
3,0.7,0,1
3,0.75,1,1
3,0.8,0,1
3,0.85,0,1
3,0.9,0,1
3,0.95,0,1
3,1,0,1
4,0.05,0,1
4,0.1,0,1
4,0.15,0,1
4,0.2,0,1
4,0.25,0,1
4,0.3,0,1
4,0.35,0,1
4,0.4,0,1
4,0.45,0,1
4,0.5,1,1
4,0.55,1,1
4,0.6,0,1
4,0.65,1,1
4,0.7,1,1
4,0.75,1,1
4,0.8,1,1
4,0.85,0,1
4,0.9,0,1
4,0.95,0,1
4,1,1,1
5,0.05,0,1
5,0.1,1,1
5,0.15,1,1
5,0.2,1,1
5,0.25,0,1
5,0.3,0,1
5,0.35,0,1
5,0.4,0,1
5,0.45,0,1
5,0.5,1,1
5,0.55,1,1
5,0.6,1,1
5,0.65,1,1
5,0.7,1,1
5,0.75,1,1
5,0.8,0,1
5,0.85,0,1
5,0.9,0,1
5,0.95,0,1
5,1,0,1
6,0.05,0,1
6,0.1,0,1
6,0.15,0,1
6,0.2,0,1
6,0.25,0,1
6,0.3,0,1
6,0.35,0,1
6,0.4,0,1
6,0.45,0,1
6,0.5,0,1
6,0.55,1,1
6,0.6,1,1
6,0.65,1,1
6,0.7,1,1
6,0.75,1,1
6,0.8,0,1
6,0.85,0,1
6,0.9,0,1
6,0.95,0,1
6,1,0,1
7,0.05,0,1
7,0.1,1,1
7,0.15,1,1
7,0.2,0,1
7,0.25,1,1
7,0.3,0,1
7,0.35,0,1
7,0.4,0,1
7,0.45,0,1
7,0.5,1,1
7,0.55,1,1
7,0.6,1,1
7,0.65,1,1
7,0.7,1,1
7,0.75,1,1
7,0.8,1,1
7,0.85,1,1
7,0.9,0,1
7,0.95,1,1
7,1,0,1
8,0.05,0,1
8,0.1,1,1
8,0.15,0,1
8,0.2,0,1
8,0.25,0,1
8,0.3,0,1
8,0.35,0,1
8,0.4,1,1
8,0.45,1,1
8,0.5,0,1
8,0.55,1,1
8,0.6,1,1
8,0.65,1,1
8,0.7,1,1
8,0.75,1,1
8,0.8,1,1
8,0.85,1,1
8,0.9,0,1
8,0.95,0,1
8,1,0,1
9,0.05,0,1
9,0.1,0,1
9,0.15,0,1
9,0.2,0,1
9,0.25,0,1
9,0.3,0,1
9,0.35,0,1
9,0.4,1,1
9,0.45,1,1
9,0.5,0,1
9,0.55,0,1
9,0.6,1,1
9,0.65,1,1
9,0.7,0,1
9,0.75,1,1
9,0.8,0,1
9,0.85,0,1
9,0.9,0,1
9,0.95,0,1
9,1,0,1
10,0.05,0,1
10,0.1,0,1
10,0.15,1,1
10,0.2,0,1
10,0.25,0,1
10,0.3,0,1
10,0.35,0,1
10,0.4,0,1
10,0.45,1,1
10,0.5,1,1
10,0.55,1,1
10,0.6,1,1
10,0.65,1,1
10,0.7,1,1
10,0.75,1,1
10,0.8,1,1
10,0.85,0,1
10,0.9,0,1
10,0.95,0,1
10,1,0,1
11,0.05,0,1
11,0.1,0,1
11,0.15,0,1
11,0.2,1,1
11,0.25,0,1
11,0.3,0,1
11,0.35,0,1
11,0.4,0,1
11,0.45,0,1
11,0.5,1,1
11,0.55,0,1
11,0.6,1,1
11,0.65,1,1
11,0.7,0,1
11,0.75,1,1
11,0.8,0,1
11,0.85,1,1
11,0.9,0,1
11,0.95,0,1
11,1,0,1
12,0.05,0,1
12,0.1,0,1
12,0.15,0,1
12,0.2,0,1
12,0.25,0,1
12,0.3,0,1
12,0.35,0,1
12,0.4,0,1
12,0.45,0,1
12,0.5,0,1
12,0.55,1,1
12,0.6,1,1
12,0.65,1,1
12,0.7,0,1
12,0.75,1,1
12,0.8,0,1
12,0.85,0,1
12,0.9,0,1
12,0.95,1,1
12,1,0,1
13,0.05,0,1
13,0.1,0,1
13,0.15,0,1
13,0.2,0,1
13,0.25,0,1
13,0.3,0,1
13,0.35,0,1
13,0.4,0,1
13,0.45,0,1
13,0.5,1,1
13,0.55,1,1
13,0.6,1,1
13,0.65,1,1
13,0.7,0,1
13,0.75,0,1
13,0.8,0,1
13,0.85,0,1
13,0.9,0,1
13,0.95,0,1
13,1,0,1
14,0.05,0,1
14,0.1,0,1
14,0.15,0,1
14,0.2,0,1
14,0.25,0,1
14,0.3,0,1
14,0.35,0,1
14,0.4,0,1
14,0.45,1,1
14,0.5,0,1
14,0.55,1,1
14,0.6,1,1
14,0.65,1,1
14,0.7,1,1
14,0.75,1,1
14,0.8,0,1
14,0.85,0,1
14,0.9,0,1
14,0.95,0,1
14,1,0,1
15,0.05,0,1
15,0.1,0,1
15,0.15,0,1
15,0.2,0,1
15,0.25,0,1
15,0.3,1,1
15,0.35,0,1
15,0.4,0,1
15,0.45,1,1
15,0.5,1,1
15,0.55,1,1
15,0.6,1,1
15,0.65,1,1
15,0.7,1,1
15,0.75,1,1
15,0.8,0,1
15,0.85,0,1
15,0.9,0,1
15,0.95,0,1
15,1,1,1
16,0.05,0,1
16,0.1,0,1
16,0.15,0,1
16,0.2,0,1
16,0.25,0,1
16,0.3,0,1
16,0.35,0,1
16,0.4,0,1
16,0.45,1,1
16,0.5,1,1
16,0.55,1,1
16,0.6,1,1
16,0.65,1,1
16,0.7,1,1
16,0.75,0,1
16,0.8,0,1
16,0.85,0,1
16,0.9,0,1
16,0.95,0,1
16,1,0,1
17,0.05,0,1
17,0.1,0,1
17,0.15,0,1
17,0.2,0,1
17,0.25,0,1
17,0.3,1,1
17,0.35,0,1
17,0.4,0,1
17,0.45,0,1
17,0.5,1,1
17,0.55,0,1
17,0.6,1,1
17,0.65,1,1
17,0.7,1,1
17,0.75,1,1
17,0.8,0,1
17,0.85,0,1
17,0.9,0,1
17,0.95,0,1
17,1,0,1
18,0.05,0,1
18,0.1,0,1
18,0.15,0,1
18,0.2,0,1
18,0.25,0,1
18,0.3,0,1
18,0.35,0,1
18,0.4,0,1
18,0.45,1,1
18,0.5,1,1
18,0.55,1,1
18,0.6,1,1
18,0.65,1,1
18,0.7,1,1
18,0.75,0,1
18,0.8,1,1
18,0.85,0,1
18,0.9,0,1
18,0.95,0,1
18,1,0,1
19,0.05,0,1
19,0.1,0,1
19,0.15,0,1
19,0.2,0,1
19,0.25,1,1
19,0.3,0,1
19,0.35,1,1
19,0.4,0,1
19,0.45,1,1
19,0.5,1,1
19,0.55,1,1
19,0.6,1,1
19,0.65,1,1
19,0.7,1,1
19,0.75,1,1
19,0.8,1,1
19,0.85,0,1
19,0.9,0,1
19,0.95,0,1
19,1,0,1
20,0.05,0,1
20,0.1,0,1
20,0.15,0,1
20,0.2,0,1
20,0.25,1,1
20,0.3,0,1
20,0.35,0,1
20,0.4,0,1
20,0.45,0,1
20,0.5,1,1
20,0.55,1,1
20,0.6,1,1
20,0.65,1,1
20,0.7,1,1
20,0.75,1,1
20,0.8,1,1
20,0.85,1,1
20,0.9,0,1
20,0.95,0,1
20,1,0,1
21,0.05,0,1
21,0.1,0,1
21,0.15,1,1
21,0.2,0,1
21,0.25,0,1
21,0.3,1,1
21,0.35,0,1
21,0.4,1,1
21,0.45,0,1
21,0.5,1,1
21,0.55,1,1
21,0.6,1,1
21,0.65,1,1
21,0.7,1,1
21,0.75,1,1
21,0.8,0,1
21,0.85,1,1
21,0.9,0,1
21,0.95,0,1
21,1,0,1
22,0.05,0,1
22,0.1,0,1
22,0.15,0,1
22,0.2,0,1
22,0.25,0,1
22,0.3,0,1
22,0.35,0,1
22,0.4,0,1
22,0.45,1,1
22,0.5,1,1
22,0.55,1,1
22,0.6,1,1
22,0.65,1,1
22,0.7,1,1
22,0.75,1,1
22,0.8,0,1
22,0.85,0,1
22,0.9,0,1
22,0.95,0,1
22,1,0,1
23,0.05,0,1
23,0.1,0,1
23,0.15,0,1
23,0.2,0,1
23,0.25,1,1
23,0.3,1,1
23,0.35,1,1
23,0.4,1,1
23,0.45,1,1
23,0.5,1,1
23,0.55,1,1
23,0.6,1,1
23,0.65,1,1
23,0.7,1,1
23,0.75,1,1
23,0.8,0,1
23,0.85,0,1
23,0.9,0,1
23,0.95,1,1
23,1,0,1
24,0.05,0,1
24,0.1,0,1
24,0.15,0,1
24,0.2,0,1
24,0.25,0,1
24,0.3,0,1
24,0.35,0,1
24,0.4,1,1
24,0.45,0,1
24,0.5,0,1
24,0.55,1,1
24,0.6,1,1
24,0.65,1,1
24,0.7,0,1
24,0.75,0,1
24,0.8,0,1
24,0.85,0,1
24,0.9,0,1
24,0.95,0,1
24,1,0,1
25,0.05,0,1
25,0.1,0,1
25,0.15,0,1
25,0.2,0,1
25,0.25,0,1
25,0.3,0,1
25,0.35,0,1
25,0.4,0,1
25,0.45,0,1
25,0.5,1,1
25,0.55,1,1
25,0.6,1,1
25,0.65,1,1
25,0.7,1,1
25,0.75,1,1
25,0.8,1,1
25,0.85,0,1
25,0.9,0,1
25,0.95,0,1
25,1,0,1
26,0.05,0,1
26,0.1,0,1
26,0.15,0,1
26,0.2,1,1
26,0.25,1,1
26,0.3,0,1
26,0.35,0,1
26,0.4,0,1
26,0.45,0,1
26,0.5,1,1
26,0.55,1,1
26,0.6,1,1
26,0.65,1,1
26,0.7,1,1
26,0.75,1,1
26,0.8,1,1
26,0.85,0,1
26,0.9,0,1
26,0.95,0,1
26,1,0,1
27,0.05,0,1
27,0.1,0,1
27,0.15,0,1
27,0.2,0,1
27,0.25,0,1
27,0.3,0,1
27,0.35,0,1
27,0.4,0,1
27,0.45,0,1
27,0.5,0,1
27,0.55,1,1
27,0.6,1,1
27,0.65,1,1
27,0.7,1,1
27,0.75,0,1
27,0.8,1,1
27,0.85,0,1
27,0.9,1,1
27,0.95,1,1
27,1,0,1
28,0.05,0,1
28,0.1,0,1
28,0.15,0,1
28,0.2,0,1
28,0.25,0,1
28,0.3,0,1
28,0.35,0,1
28,0.4,0,1
28,0.45,0,1
28,0.5,1,1
28,0.55,1,1
28,0.6,1,1
28,0.65,1,1
28,0.7,1,1
28,0.75,1,1
28,0.8,0,1
28,0.85,0,1
28,0.9,0,1
28,0.95,0,1
28,1,0,1
29,0.05,0,1
29,0.1,1,1
29,0.15,0,1
29,0.2,0,1
29,0.25,0,1
29,0.3,0,1
29,0.35,0,1
29,0.4,0,1
29,0.45,0,1
29,0.5,0,1
29,0.55,1,1
29,0.6,1,1
29,0.65,1,1
29,0.7,1,1
29,0.75,0,1
29,0.8,1,1
29,0.85,1,1
29,0.9,0,1
29,0.95,0,1
29,1,0,1
30,0.05,0,1
30,0.1,0,1
30,0.15,0,1
30,0.2,0,1
30,0.25,0,1
30,0.3,0,1
30,0.35,0,1
30,0.4,1,1
30,0.45,1,1
30,0.5,1,1
30,0.55,1,1
30,0.6,1,1
30,0.65,1,1
30,0.7,0,1
30,0.75,1,1
30,0.8,0,1
30,0.85,0,1
30,0.9,1,1
30,0.95,0,1
30,1,0,1
31,0.05,0,1
31,0.1,0,1
31,0.15,1,1
31,0.2,0,1
31,0.25,0,1
31,0.3,1,1
31,0.35,0,1
31,0.4,0,1
31,0.45,0,1
31,0.5,1,1
31,0.55,1,1
31,0.6,1,1
31,0.65,1,1
31,0.7,1,1
31,0.75,1,1
31,0.8,1,1
31,0.85,1,1
31,0.9,0,1
31,0.95,1,1
31,1,0,1
32,0.05,1,1
32,0.1,0,1
32,0.15,1,1
32,0.2,0,1
32,0.25,0,1
32,0.3,0,1
32,0.35,0,1
32,0.4,0,1
32,0.45,0,1
32,0.5,0,1
32,0.55,1,1
32,0.6,1,1
32,0.65,1,1
32,0.7,1,1
32,0.75,0,1
32,0.8,0,1
32,0.85,0,1
32,0.9,1,1
32,0.95,0,1
32,1,0,1
33,0.05,0,1
33,0.1,0,1
33,0.15,0,1
33,0.2,0,1
33,0.25,1,1
33,0.3,0,1
33,0.35,0,1
33,0.4,0,1
33,0.45,0,1
33,0.5,0,1
33,0.55,1,1
33,0.6,1,1
33,0.65,1,1
33,0.7,1,1
33,0.75,0,1
33,0.8,0,1
33,0.85,0,1
33,0.9,0,1
33,0.95,0,1
33,1,0,1
34,0.05,0,1
34,0.1,0,1
34,0.15,0,1
34,0.2,0,1
34,0.25,0,1
34,0.3,0,1
34,0.35,0,1
34,0.4,1,1
34,0.45,0,1
34,0.5,1,1
34,0.55,1,1
34,0.6,1,1
34,0.65,1,1
34,0.7,1,1
34,0.75,1,1
34,0.8,0,1
34,0.85,1,1
34,0.9,0,1
34,0.95,0,1
34,1,0,1
35,0.05,0,1
35,0.1,0,1
35,0.15,0,1
35,0.2,0,1
35,0.25,0,1
35,0.3,0,1
35,0.35,0,1
35,0.4,0,1
35,0.45,0,1
35,0.5,1,1
35,0.55,1,1
35,0.6,1,1
35,0.65,1,1
35,0.7,1,1
35,0.75,1,1
35,0.8,0,1
35,0.85,1,1
35,0.9,0,1
35,0.95,1,1
35,1,0,1
36,0.05,0,1
36,0.1,0,1
36,0.15,0,1
36,0.2,0,1
36,0.25,0,1
36,0.3,0,1
36,0.35,0,1
36,0.4,0,1
36,0.45,0,1
36,0.5,0,1
36,0.55,1,1
36,0.6,1,1
36,0.65,0,1
36,0.7,1,1
36,0.75,0,1
36,0.8,0,1
36,0.85,0,1
36,0.9,0,1
36,0.95,0,1
36,1,0,1
37,0.05,0,1
37,0.1,0,1
37,0.15,0,1
37,0.2,1,1
37,0.25,0,1
37,0.3,0,1
37,0.35,0,1
37,0.4,1,1
37,0.45,0,1
37,0.5,0,1
37,0.55,0,1
37,0.6,1,1
37,0.65,1,1
37,0.7,1,1
37,0.75,0,1
37,0.8,0,1
37,0.85,0,1
37,0.9,0,1
37,0.95,0,1
37,1,0,1
38,0.05,0,1
38,0.1,0,1
38,0.15,0,1
38,0.2,1,1
38,0.25,0,1
38,0.3,0,1
38,0.35,1,1
38,0.4,0,1
38,0.45,0,1
38,0.5,0,1
38,0.55,1,1
38,0.6,1,1
38,0.65,1,1
38,0.7,1,1
38,0.75,1,1
38,0.8,1,1
38,0.85,0,1
38,0.9,1,1
38,0.95,0,1
38,1,0,1
39,0.05,0,1
39,0.1,0,1
39,0.15,1,1
39,0.2,0,1
39,0.25,0,1
39,0.3,1,1
39,0.35,0,1
39,0.4,1,1
39,0.45,1,1
39,0.5,1,1
39,0.55,1,1
39,0.6,1,1
39,0.65,1,1
39,0.7,1,1
39,0.75,1,1
39,0.8,0,1
39,0.85,1,1
39,0.9,0,1
39,0.95,0,1
39,1,1,1
40,0.05,0,1
40,0.1,1,1
40,0.15,1,1
40,0.2,0,1
40,0.25,0,1
40,0.3,0,1
40,0.35,1,1
40,0.4,0,1
40,0.45,0,1
40,0.5,1,1
40,0.55,1,1
40,0.6,1,1
40,0.65,1,1
40,0.7,1,1
40,0.75,1,1
40,0.8,1,1
40,0.85,0,1
40,0.9,0,1
40,0.95,1,1
40,1,0,1
41,0.05,0,1
41,0.1,0,1
41,0.15,0,1
41,0.2,1,1
41,0.25,0,1
41,0.3,0,1
41,0.35,0,1
41,0.4,0,1
41,0.45,0,1
41,0.5,1,1
41,0.55,1,1
41,0.6,1,1
41,0.65,1,1
41,0.7,1,1
41,0.75,0,1
41,0.8,1,1
41,0.85,0,1
41,0.9,0,1
41,0.95,0,1
41,1,1,1
42,0.05,0,1
42,0.1,0,1
42,0.15,0,1
42,0.2,0,1
42,0.25,0,1
42,0.3,0,1
42,0.35,0,1
42,0.4,1,1
42,0.45,0,1
42,0.5,0,1
42,0.55,0,1
42,0.6,1,1
42,0.65,1,1
42,0.7,1,1
42,0.75,1,1
42,0.8,0,1
42,0.85,0,1
42,0.9,0,1
42,0.95,0,1
42,1,0,1
43,0.05,0,1
43,0.1,0,1
43,0.15,1,1
43,0.2,0,1
43,0.25,0,1
43,0.3,0,1
43,0.35,0,1
43,0.4,0,1
43,0.45,0,1
43,0.5,0,1
43,0.55,1,1
43,0.6,1,1
43,0.65,1,1
43,0.7,1,1
43,0.75,0,1
43,0.8,1,1
43,0.85,0,1
43,0.9,0,1
43,0.95,0,1
43,1,0,1
44,0.05,0,1
44,0.1,0,1
44,0.15,1,1
44,0.2,0,1
44,0.25,1,1
44,0.3,1,1
44,0.35,0,1
44,0.4,0,1
44,0.45,0,1
44,0.5,1,1
44,0.55,0,1
44,0.6,1,1
44,0.65,0,1
44,0.7,1,1
44,0.75,1,1
44,0.8,1,1
44,0.85,0,1
44,0.9,1,1
44,0.95,0,1
44,1,0,1
45,0.05,1,1
45,0.1,0,1
45,0.15,0,1
45,0.2,0,1
45,0.25,1,1
45,0.3,0,1
45,0.35,0,1
45,0.4,1,1
45,0.45,0,1
45,0.5,1,1
45,0.55,1,1
45,0.6,1,1
45,0.65,1,1
45,0.7,1,1
45,0.75,1,1
45,0.8,0,1
45,0.85,0,1
45,0.9,0,1
45,0.95,0,1
45,1,0,1
46,0.05,0,1
46,0.1,0,1
46,0.15,0,1
46,0.2,0,1
46,0.25,0,1
46,0.3,0,1
46,0.35,0,1
46,0.4,0,1
46,0.45,0,1
46,0.5,0,1
46,0.55,1,1
46,0.6,1,1
46,0.65,1,1
46,0.7,1,1
46,0.75,1,1
46,0.8,1,1
46,0.85,0,1
46,0.9,0,1
46,0.95,0,1
46,1,0,1
47,0.05,0,1
47,0.1,0,1
47,0.15,0,1
47,0.2,1,1
47,0.25,0,1
47,0.3,0,1
47,0.35,0,1
47,0.4,1,1
47,0.45,1,1
47,0.5,0,1
47,0.55,0,1
47,0.6,1,1
47,0.65,1,1
47,0.7,1,1
47,0.75,1,1
47,0.8,1,1
47,0.85,0,1
47,0.9,0,1
47,0.95,0,1
47,1,0,1
48,0.05,1,1
48,0.1,1,1
48,0.15,0,1
48,0.2,0,1
48,0.25,0,1
48,0.3,0,1
48,0.35,0,1
48,0.4,1,1
48,0.45,0,1
48,0.5,1,1
48,0.55,1,1
48,0.6,1,1
48,0.65,1,1
48,0.7,1,1
48,0.75,0,1
48,0.8,1,1
48,0.85,0,1
48,0.9,0,1
48,0.95,0,1
48,1,0,1
49,0.05,0,1
49,0.1,0,1
49,0.15,0,1
49,0.2,0,1
49,0.25,0,1
49,0.3,0,1
49,0.35,0,1
49,0.4,0,1
49,0.45,1,1
49,0.5,1,1
49,0.55,0,1
49,0.6,1,1
49,0.65,1,1
49,0.7,1,1
49,0.75,0,1
49,0.8,0,1
49,0.85,0,1
49,0.9,0,1
49,0.95,0,1
49,1,0,1
50,0.05,0,1
50,0.1,0,1
50,0.15,0,1
50,0.2,0,1
50,0.25,1,1
50,0.3,0,1
50,0.35,0,1
50,0.4,0,1
50,0.45,1,1
50,0.5,0,1
50,0.55,1,1
50,0.6,1,1
50,0.65,1,1
50,0.7,1,1
50,0.75,0,1
50,0.8,1,1
50,0.85,0,1
50,0.9,0,1
50,0.95,0,1
50,1,0,1
51,0.05,0,1
51,0.1,0,1
51,0.15,0,1
51,0.2,0,1
51,0.25,0,1
51,0.3,0,1
51,0.35,0,1
51,0.4,1,1
51,0.45,1,1
51,0.5,1,1
51,0.55,1,1
51,0.6,1,1
51,0.65,1,1
51,0.7,1,1
51,0.75,1,1
51,0.8,0,1
51,0.85,0,1
51,0.9,1,1
51,0.95,0,1
51,1,0,1
52,0.05,0,1
52,0.1,0,1
52,0.15,0,1
52,0.2,0,1
52,0.25,0,1
52,0.3,0,1
52,0.35,0,1
52,0.4,0,1
52,0.45,1,1
52,0.5,1,1
52,0.55,1,1
52,0.6,0,1
52,0.65,1,1
52,0.7,1,1
52,0.75,0,1
52,0.8,0,1
52,0.85,0,1
52,0.9,0,1
52,0.95,1,1
52,1,0,1
53,0.05,0,1
53,0.1,1,1
53,0.15,1,1
53,0.2,1,1
53,0.25,0,1
53,0.3,0,1
53,0.35,0,1
53,0.4,0,1
53,0.45,1,1
53,0.5,1,1
53,0.55,1,1
53,0.6,1,1
53,0.65,1,1
53,0.7,1,1
53,0.75,1,1
53,0.8,1,1
53,0.85,1,1
53,0.9,1,1
53,0.95,0,1
53,1,0,1
54,0.05,0,1
54,0.1,0,1
54,0.15,0,1
54,0.2,0,1
54,0.25,0,1
54,0.3,0,1
54,0.35,0,1
54,0.4,0,1
54,0.45,1,1
54,0.5,1,1
54,0.55,0,1
54,0.6,1,1
54,0.65,1,1
54,0.7,1,1
54,0.75,1,1
54,0.8,0,1
54,0.85,0,1
54,0.9,0,1
54,0.95,0,1
54,1,0,1
55,0.05,0,1
55,0.1,1,1
55,0.15,0,1
55,0.2,0,1
55,0.25,1,1
55,0.3,0,1
55,0.35,0,1
55,0.4,0,1
55,0.45,1,1
55,0.5,1,1
55,0.55,1,1
55,0.6,1,1
55,0.65,1,1
55,0.7,1,1
55,0.75,0,1
55,0.8,0,1
55,0.85,0,1
55,0.9,0,1
55,0.95,0,1
55,1,0,1
56,0.05,1,1
56,0.1,0,1
56,0.15,0,1
56,0.2,1,1
56,0.25,0,1
56,0.3,0,1
56,0.35,0,1
56,0.4,1,1
56,0.45,1,1
56,0.5,1,1
56,0.55,1,1
56,0.6,1,1
56,0.65,1,1
56,0.7,1,1
56,0.75,1,1
56,0.8,1,1
56,0.85,0,1
56,0.9,1,1
56,0.95,0,1
56,1,0,1
57,0.05,0,1
57,0.1,1,1
57,0.15,0,1
57,0.2,0,1
57,0.25,0,1
57,0.3,0,1
57,0.35,1,1
57,0.4,0,1
57,0.45,0,1
57,0.5,0,1
57,0.55,1,1
57,0.6,1,1
57,0.65,1,1
57,0.7,1,1
57,0.75,1,1
57,0.8,1,1
57,0.85,0,1
57,0.9,0,1
57,0.95,0,1
57,1,0,1
58,0.05,0,1
58,0.1,0,1
58,0.15,0,1
58,0.2,0,1
58,0.25,0,1
58,0.3,0,1
58,0.35,0,1
58,0.4,1,1
58,0.45,0,1
58,0.5,0,1
58,0.55,1,1
58,0.6,1,1
58,0.65,1,1
58,0.7,1,1
58,0.75,0,1
58,0.8,0,1
58,0.85,1,1
58,0.9,0,1
58,0.95,0,1
58,1,0,1
59,0.05,0,1
59,0.1,0,1
59,0.15,0,1
59,0.2,0,1
59,0.25,0,1
59,0.3,0,1
59,0.35,0,1
59,0.4,0,1
59,0.45,1,1
59,0.5,0,1
59,0.55,1,1
59,0.6,1,1
59,0.65,1,1
59,0.7,1,1
59,0.75,1,1
59,0.8,0,1
59,0.85,1,1
59,0.9,0,1
59,0.95,0,1
59,1,0,1
60,0.05,0,1
60,0.1,0,1
60,0.15,0,1
60,0.2,0,1
60,0.25,0,1
60,0.3,0,1
60,0.35,0,1
60,0.4,0,1
60,0.45,0,1
60,0.5,0,1
60,0.55,1,1
60,0.6,1,1
60,0.65,1,1
60,0.7,1,1
60,0.75,1,1
60,0.8,1,1
60,0.85,0,1
60,0.9,0,1
60,0.95,0,1
60,1,0,1
61,0.05,1,1
61,0.1,1,1
61,0.15,1,1
61,0.2,0,1
61,0.25,0,1
61,0.3,0,1
61,0.35,0,1
61,0.4,0,1
61,0.45,1,1
61,0.5,1,1
61,0.55,1,1
61,0.6,1,1
61,0.65,1,1
61,0.7,1,1
61,0.75,1,1
61,0.8,1,1
61,0.85,0,1
61,0.9,0,1
61,0.95,1,1
61,1,0,1
62,0.05,0,1
62,0.1,0,1
62,0.15,0,1
62,0.2,0,1
62,0.25,0,1
62,0.3,0,1
62,0.35,0,1
62,0.4,0,1
62,0.45,0,1
62,0.5,1,1
62,0.55,1,1
62,0.6,1,1
62,0.65,1,1
62,0.7,1,1
62,0.75,1,1
62,0.8,0,1
62,0.85,0,1
62,0.9,0,1
62,0.95,1,1
62,1,0,1
63,0.05,0,1
63,0.1,0,1
63,0.15,0,1
63,0.2,0,1
63,0.25,0,1
63,0.3,0,1
63,0.35,0,1
63,0.4,0,1
63,0.45,1,1
63,0.5,0,1
63,0.55,1,1
63,0.6,1,1
63,0.65,1,1
63,0.7,1,1
63,0.75,1,1
63,0.8,1,1
63,0.85,0,1
63,0.9,0,1
63,0.95,0,1
63,1,0,1
64,0.05,0,1
64,0.1,0,1
64,0.15,0,1
64,0.2,1,1
64,0.25,0,1
64,0.3,0,1
64,0.35,0,1
64,0.4,0,1
64,0.45,1,1
64,0.5,1,1
64,0.55,1,1
64,0.6,1,1
64,0.65,1,1
64,0.7,1,1
64,0.75,0,1
64,0.8,0,1
64,0.85,1,1
64,0.9,0,1
64,0.95,0,1
64,1,0,1
65,0.05,0,1
65,0.1,0,1
65,0.15,0,1
65,0.2,0,1
65,0.25,0,1
65,0.3,0,1
65,0.35,0,1
65,0.4,0,1
65,0.45,1,1
65,0.5,1,1
65,0.55,0,1
65,0.6,1,1
65,0.65,1,1
65,0.7,1,1
65,0.75,1,1
65,0.8,0,1
65,0.85,0,1
65,0.9,1,1
65,0.95,0,1
65,1,0,1
66,0.05,0,1
66,0.1,0,1
66,0.15,0,1
66,0.2,0,1
66,0.25,0,1
66,0.3,1,1
66,0.35,1,1
66,0.4,0,1
66,0.45,1,1
66,0.5,0,1
66,0.55,1,1
66,0.6,1,1
66,0.65,1,1
66,0.7,1,1
66,0.75,1,1
66,0.8,0,1
66,0.85,1,1
66,0.9,0,1
66,0.95,0,1
66,1,0,1
67,0.05,0,1
67,0.1,0,1
67,0.15,0,1
67,0.2,0,1
67,0.25,0,1
67,0.3,0,1
67,0.35,0,1
67,0.4,0,1
67,0.45,0,1
67,0.5,1,1
67,0.55,1,1
67,0.6,1,1
67,0.65,1,1
67,0.7,1,1
67,0.75,1,1
67,0.8,0,1
67,0.85,0,1
67,0.9,1,1
67,0.95,0,1
67,1,0,1
68,0.05,1,1
68,0.1,0,1
68,0.15,0,1
68,0.2,0,1
68,0.25,0,1
68,0.3,0,1
68,0.35,0,1
68,0.4,0,1
68,0.45,0,1
68,0.5,1,1
68,0.55,1,1
68,0.6,1,1
68,0.65,1,1
68,0.7,1,1
68,0.75,1,1
68,0.8,1,1
68,0.85,1,1
68,0.9,0,1
68,0.95,0,1
68,1,0,1
69,0.05,0,1
69,0.1,1,1
69,0.15,0,1
69,0.2,0,1
69,0.25,0,1
69,0.3,0,1
69,0.35,0,1
69,0.4,0,1
69,0.45,0,1
69,0.5,1,1
69,0.55,1,1
69,0.6,1,1
69,0.65,1,1
69,0.7,1,1
69,0.75,1,1
69,0.8,0,1
69,0.85,0,1
69,0.9,0,1
69,0.95,0,1
69,1,0,1
70,0.05,1,1
70,0.1,1,1
70,0.15,1,1
70,0.2,0,1
70,0.25,0,1
70,0.3,1,1
70,0.35,0,1
70,0.4,0,1
70,0.45,1,1
70,0.5,1,1
70,0.55,1,1
70,0.6,1,1
70,0.65,1,1
70,0.7,1,1
70,0.75,1,1
70,0.8,1,1
70,0.85,0,1
70,0.9,0,1
70,0.95,0,1
70,1,0,1
71,0.05,0,1
71,0.1,1,1
71,0.15,0,1
71,0.2,0,1
71,0.25,1,1
71,0.3,0,1
71,0.35,0,1
71,0.4,0,1
71,0.45,0,1
71,0.5,1,1
71,0.55,1,1
71,0.6,1,1
71,0.65,1,1
71,0.7,1,1
71,0.75,1,1
71,0.8,1,1
71,0.85,0,1
71,0.9,0,1
71,0.95,0,1
71,1,0,1
72,0.05,0,1
72,0.1,0,1
72,0.15,0,1
72,0.2,0,1
72,0.25,0,1
72,0.3,0,1
72,0.35,0,1
72,0.4,0,1
72,0.45,0,1
72,0.5,1,1
72,0.55,1,1
72,0.6,1,1
72,0.65,1,1
72,0.7,1,1
72,0.75,1,1
72,0.8,0,1
72,0.85,0,1
72,0.9,0,1
72,0.95,0,1
72,1,0,1
73,0.05,0,1
73,0.1,0,1
73,0.15,0,1
73,0.2,0,1
73,0.25,0,1
73,0.3,0,1
73,0.35,0,1
73,0.4,0,1
73,0.45,1,1
73,0.5,0,1
73,0.55,1,1
73,0.6,1,1
73,0.65,1,1
73,0.7,1,1
73,0.75,1,1
73,0.8,0,1
73,0.85,0,1
73,0.9,0,1
73,0.95,0,1
73,1,1,1
74,0.05,1,1
74,0.1,0,1
74,0.15,0,1
74,0.2,0,1
74,0.25,0,1
74,0.3,0,1
74,0.35,0,1
74,0.4,0,1
74,0.45,0,1
74,0.5,1,1
74,0.55,0,1
74,0.6,1,1
74,0.65,1,1
74,0.7,1,1
74,0.75,1,1
74,0.8,1,1
74,0.85,1,1
74,0.9,0,1
74,0.95,0,1
74,1,1,1
75,0.05,0,1
75,0.1,0,1
75,0.15,0,1
75,0.2,0,1
75,0.25,0,1
75,0.3,1,1
75,0.35,0,1
75,0.4,0,1
75,0.45,0,1
75,0.5,0,1
75,0.55,1,1
75,0.6,1,1
75,0.65,1,1
75,0.7,1,1
75,0.75,1,1
75,0.8,0,1
75,0.85,0,1
75,0.9,0,1
75,0.95,0,1
75,1,1,1
76,0.05,0,1
76,0.1,0,1
76,0.15,0,1
76,0.2,0,1
76,0.25,0,1
76,0.3,0,1
76,0.35,0,1
76,0.4,1,1
76,0.45,0,1
76,0.5,0,1
76,0.55,1,1
76,0.6,1,1
76,0.65,1,1
76,0.7,1,1
76,0.75,1,1
76,0.8,0,1
76,0.85,0,1
76,0.9,0,1
76,0.95,0,1
76,1,0,1
77,0.05,0,1
77,0.1,0,1
77,0.15,0,1
77,0.2,0,1
77,0.25,0,1
77,0.3,0,1
77,0.35,0,1
77,0.4,0,1
77,0.45,0,1
77,0.5,0,1
77,0.55,1,1
77,0.6,1,1
77,0.65,1,1
77,0.7,1,1
77,0.75,1,1
77,0.8,1,1
77,0.85,0,1
77,0.9,0,1
77,0.95,0,1
77,1,0,1
78,0.05,0,1
78,0.1,0,1
78,0.15,0,1
78,0.2,1,1
78,0.25,0,1
78,0.3,1,1
78,0.35,1,1
78,0.4,0,1
78,0.45,1,1
78,0.5,0,1
78,0.55,0,1
78,0.6,1,1
78,0.65,1,1
78,0.7,1,1
78,0.75,0,1
78,0.8,0,1
78,0.85,0,1
78,0.9,1,1
78,0.95,0,1
78,1,0,1
79,0.05,1,1
79,0.1,0,1
79,0.15,0,1
79,0.2,0,1
79,0.25,0,1
79,0.3,0,1
79,0.35,0,1
79,0.4,0,1
79,0.45,1,1
79,0.5,0,1
79,0.55,0,1
79,0.6,1,1
79,0.65,1,1
79,0.7,1,1
79,0.75,1,1
79,0.8,0,1
79,0.85,1,1
79,0.9,1,1
79,0.95,0,1
79,1,0,1
80,0.05,0,1
80,0.1,0,1
80,0.15,0,1
80,0.2,0,1
80,0.25,0,1
80,0.3,0,1
80,0.35,1,1
80,0.4,0,1
80,0.45,0,1
80,0.5,1,1
80,0.55,1,1
80,0.6,1,1
80,0.65,1,1
80,0.7,1,1
80,0.75,1,1
80,0.8,0,1
80,0.85,0,1
80,0.9,0,1
80,0.95,0,1
80,1,0,1
81,0.05,0,1
81,0.1,0,1
81,0.15,1,1
81,0.2,0,1
81,0.25,0,1
81,0.3,0,1
81,0.35,0,1
81,0.4,0,1
81,0.45,1,1
81,0.5,1,1
81,0.55,0,1
81,0.6,1,1
81,0.65,1,1
81,0.7,1,1
81,0.75,1,1
81,0.8,0,1
81,0.85,0,1
81,0.9,0,1
81,0.95,1,1
81,1,0,1
82,0.05,0,1
82,0.1,0,1
82,0.15,1,1
82,0.2,0,1
82,0.25,0,1
82,0.3,0,1
82,0.35,0,1
82,0.4,0,1
82,0.45,1,1
82,0.5,1,1
82,0.55,0,1
82,0.6,1,1
82,0.65,1,1
82,0.7,1,1
82,0.75,1,1
82,0.8,1,1
82,0.85,0,1
82,0.9,0,1
82,0.95,0,1
82,1,1,1
83,0.05,0,1
83,0.1,0,1
83,0.15,1,1
83,0.2,0,1
83,0.25,0,1
83,0.3,1,1
83,0.35,0,1
83,0.4,1,1
83,0.45,1,1
83,0.5,1,1
83,0.55,1,1
83,0.6,1,1
83,0.65,1,1
83,0.7,1,1
83,0.75,1,1
83,0.8,1,1
83,0.85,1,1
83,0.9,0,1
83,0.95,0,1
83,1,0,1
84,0.05,0,1
84,0.1,0,1
84,0.15,0,1
84,0.2,0,1
84,0.25,0,1
84,0.3,0,1
84,0.35,0,1
84,0.4,1,1
84,0.45,0,1
84,0.5,0,1
84,0.55,0,1
84,0.6,1,1
84,0.65,1,1
84,0.7,1,1
84,0.75,0,1
84,0.8,0,1
84,0.85,0,1
84,0.9,0,1
84,0.95,0,1
84,1,0,1
85,0.05,0,1
85,0.1,0,1
85,0.15,1,1
85,0.2,0,1
85,0.25,0,1
85,0.3,0,1
85,0.35,0,1
85,0.4,0,1
85,0.45,0,1
85,0.5,0,1
85,0.55,1,1
85,0.6,1,1
85,0.65,1,1
85,0.7,1,1
85,0.75,1,1
85,0.8,1,1
85,0.85,0,1
85,0.9,1,1
85,0.95,0,1
85,1,0,1
86,0.05,0,1
86,0.1,0,1
86,0.15,0,1
86,0.2,0,1
86,0.25,1,1
86,0.3,0,1
86,0.35,1,1
86,0.4,0,1
86,0.45,0,1
86,0.5,1,1
86,0.55,1,1
86,0.6,1,1
86,0.65,1,1
86,0.7,0,1
86,0.75,1,1
86,0.8,0,1
86,0.85,0,1
86,0.9,1,1
86,0.95,0,1
86,1,1,1
87,0.05,0,1
87,0.1,0,1
87,0.15,0,1
87,0.2,0,1
87,0.25,0,1
87,0.3,0,1
87,0.35,0,1
87,0.4,1,1
87,0.45,0,1
87,0.5,0,1
87,0.55,1,1
87,0.6,1,1
87,0.65,1,1
87,0.7,1,1
87,0.75,1,1
87,0.8,0,1
87,0.85,0,1
87,0.9,1,1
87,0.95,1,1
87,1,0,1
88,0.05,0,1
88,0.1,0,1
88,0.15,0,1
88,0.2,0,1
88,0.25,1,1
88,0.3,0,1
88,0.35,0,1
88,0.4,0,1
88,0.45,1,1
88,0.5,1,1
88,0.55,0,1
88,0.6,1,1
88,0.65,1,1
88,0.7,1,1
88,0.75,0,1
88,0.8,1,1
88,0.85,0,1
88,0.9,0,1
88,0.95,0,1
88,1,0,1
89,0.05,0,1
89,0.1,0,1
89,0.15,0,1
89,0.2,0,1
89,0.25,1,1
89,0.3,0,1
89,0.35,1,1
89,0.4,0,1
89,0.45,0,1
89,0.5,1,1
89,0.55,1,1
89,0.6,1,1
89,0.65,1,1
89,0.7,1,1
89,0.75,0,1
89,0.8,1,1
89,0.85,1,1
89,0.9,1,1
89,0.95,0,1
89,1,0,1
90,0.05,1,1
90,0.1,0,1
90,0.15,0,1
90,0.2,0,1
90,0.25,0,1
90,0.3,0,1
90,0.35,1,1
90,0.4,0,1
90,0.45,1,1
90,0.5,1,1
90,0.55,1,1
90,0.6,1,1
90,0.65,1,1
90,0.7,1,1
90,0.75,1,1
90,0.8,1,1
90,0.85,0,1
90,0.9,0,1
90,0.95,0,1
90,1,0,1
91,0.05,0,1
91,0.1,0,1
91,0.15,1,1
91,0.2,0,1
91,0.25,0,1
91,0.3,0,1
91,0.35,0,1
91,0.4,0,1
91,0.45,1,1
91,0.5,1,1
91,0.55,1,1
91,0.6,1,1
91,0.65,1,1
91,0.7,1,1
91,0.75,1,1
91,0.8,0,1
91,0.85,0,1
91,0.9,0,1
91,0.95,0,1
91,1,0,1
92,0.05,0,1
92,0.1,0,1
92,0.15,1,1
92,0.2,0,1
92,0.25,0,1
92,0.3,0,1
92,0.35,0,1
92,0.4,0,1
92,0.45,0,1
92,0.5,1,1
92,0.55,1,1
92,0.6,1,1
92,0.65,1,1
92,0.7,1,1
92,0.75,0,1
92,0.8,1,1
92,0.85,0,1
92,0.9,0,1
92,0.95,1,1
92,1,1,1
93,0.05,0,1
93,0.1,0,1
93,0.15,0,1
93,0.2,0,1
93,0.25,0,1
93,0.3,1,1
93,0.35,0,1
93,0.4,0,1
93,0.45,1,1
93,0.5,1,1
93,0.55,1,1
93,0.6,1,1
93,0.65,1,1
93,0.7,1,1
93,0.75,1,1
93,0.8,0,1
93,0.85,0,1
93,0.9,0,1
93,0.95,0,1
93,1,0,1
94,0.05,0,1
94,0.1,0,1
94,0.15,0,1
94,0.2,0,1
94,0.25,0,1
94,0.3,1,1
94,0.35,0,1
94,0.4,1,1
94,0.45,0,1
94,0.5,0,1
94,0.55,1,1
94,0.6,1,1
94,0.65,1,1
94,0.7,1,1
94,0.75,1,1
94,0.8,0,1
94,0.85,0,1
94,0.9,0,1
94,0.95,0,1
94,1,0,1
95,0.05,0,1
95,0.1,0,1
95,0.15,0,1
95,0.2,0,1
95,0.25,0,1
95,0.3,1,1
95,0.35,1,1
95,0.4,0,1
95,0.45,0,1
95,0.5,1,1
95,0.55,1,1
95,0.6,1,1
95,0.65,1,1
95,0.7,1,1
95,0.75,1,1
95,0.8,0,1
95,0.85,0,1
95,0.9,0,1
95,0.95,0,1
95,1,1,1
96,0.05,0,1
96,0.1,0,1
96,0.15,0,1
96,0.2,0,1
96,0.25,0,1
96,0.3,0,1
96,0.35,0,1
96,0.4,1,1
96,0.45,0,1
96,0.5,1,1
96,0.55,1,1
96,0.6,1,1
96,0.65,1,1
96,0.7,1,1
96,0.75,1,1
96,0.8,1,1
96,0.85,0,1
96,0.9,1,1
96,0.95,0,1
96,1,0,1
97,0.05,0,1
97,0.1,0,1
97,0.15,0,1
97,0.2,0,1
97,0.25,0,1
97,0.3,1,1
97,0.35,0,1
97,0.4,0,1
97,0.45,1,1
97,0.5,1,1
97,0.55,1,1
97,0.6,1,1
97,0.65,1,1
97,0.7,1,1
97,0.75,1,1
97,0.8,0,1
97,0.85,0,1
97,0.9,0,1
97,0.95,0,1
97,1,0,1
98,0.05,0,1
98,0.1,0,1
98,0.15,0,1
98,0.2,0,1
98,0.25,0,1
98,0.3,0,1
98,0.35,0,1
98,0.4,0,1
98,0.45,1,1
98,0.5,0,1
98,0.55,1,1
98,0.6,1,1
98,0.65,1,1
98,0.7,1,1
98,0.75,1,1
98,0.8,0,1
98,0.85,0,1
98,0.9,0,1
98,0.95,0,1
98,1,0,1
99,0.05,0,1
99,0.1,0,1
99,0.15,0,1
99,0.2,0,1
99,0.25,0,1
99,0.3,0,1
99,0.35,0,1
99,0.4,0,1
99,0.45,0,1
99,0.5,0,1
99,0.55,1,1
99,0.6,1,1
99,0.65,1,1
99,0.7,1,1
99,0.75,1,1
99,0.8,0,1
99,0.85,1,1
99,0.9,0,1
99,0.95,0,1
99,1,0,1
100,0.05,0,1
100,0.1,0,1
100,0.15,0,1
100,0.2,0,1
100,0.25,0,1
100,0.3,0,1
100,0.35,0,1
100,0.4,0,1
100,0.45,0,1
100,0.5,1,1
100,0.55,1,1
100,0.6,0,1
100,0.65,1,1
100,0.7,1,1
100,0.75,0,1
100,0.8,0,1
100,0.85,0,1
100,0.9,0,1
100,0.95,0,1
100,1,0,1
101,0.05,1,2
101,0.1,0,2
101,0.15,1,2
101,0.2,1,2
101,0.25,1,2
101,0.3,1,2
101,0.35,1,2
101,0.4,1,2
101,0.45,0,2
101,0.5,0,2
101,0.55,0,2
101,0.6,0,2
101,0.65,0,2
101,0.7,1,2
101,0.75,0,2
101,0.8,0,2
101,0.85,0,2
101,0.9,0,2
101,0.95,0,2
101,1,0,2
102,0.05,0,2
102,0.1,1,2
102,0.15,1,2
102,0.2,1,2
102,0.25,1,2
102,0.3,1,2
102,0.35,1,2
102,0.4,0,2
102,0.45,0,2
102,0.5,0,2
102,0.55,0,2
102,0.6,0,2
102,0.65,0,2
102,0.7,0,2
102,0.75,0,2
102,0.8,0,2
102,0.85,0,2
102,0.9,1,2
102,0.95,0,2
102,1,0,2
103,0.05,0,2
103,0.1,1,2
103,0.15,1,2
103,0.2,1,2
103,0.25,1,2
103,0.3,1,2
103,0.35,0,2
103,0.4,0,2
103,0.45,1,2
103,0.5,0,2
103,0.55,0,2
103,0.6,1,2
103,0.65,0,2
103,0.7,0,2
103,0.75,0,2
103,0.8,0,2
103,0.85,0,2
103,0.9,0,2
103,0.95,0,2
103,1,0,2
104,0.05,0,2
104,0.1,1,2
104,0.15,1,2
104,0.2,1,2
104,0.25,1,2
104,0.3,1,2
104,0.35,1,2
104,0.4,1,2
104,0.45,1,2
104,0.5,0,2
104,0.55,0,2
104,0.6,1,2
104,0.65,1,2
104,0.7,0,2
104,0.75,0,2
104,0.8,0,2
104,0.85,0,2
104,0.9,0,2
104,0.95,0,2
104,1,0,2
105,0.05,0,2
105,0.1,0,2
105,0.15,1,2
105,0.2,1,2
105,0.25,1,2
105,0.3,1,2
105,0.35,1,2
105,0.4,1,2
105,0.45,0,2
105,0.5,0,2
105,0.55,0,2
105,0.6,0,2
105,0.65,0,2
105,0.7,0,2
105,0.75,0,2
105,0.8,0,2
105,0.85,0,2
105,0.9,0,2
105,0.95,0,2
105,1,0,2
106,0.05,0,2
106,0.1,1,2
106,0.15,1,2
106,0.2,1,2
106,0.25,1,2
106,0.3,1,2
106,0.35,1,2
106,0.4,1,2
106,0.45,1,2
106,0.5,1,2
106,0.55,0,2
106,0.6,0,2
106,0.65,0,2
106,0.7,0,2
106,0.75,1,2
106,0.8,1,2
106,0.85,0,2
106,0.9,0,2
106,0.95,1,2
106,1,0,2
107,0.05,0,2
107,0.1,1,2
107,0.15,1,2
107,0.2,1,2
107,0.25,1,2
107,0.3,1,2
107,0.35,1,2
107,0.4,1,2
107,0.45,1,2
107,0.5,0,2
107,0.55,1,2
107,0.6,1,2
107,0.65,0,2
107,0.7,0,2
107,0.75,0,2
107,0.8,0,2
107,0.85,0,2
107,0.9,0,2
107,0.95,0,2
107,1,0,2
108,0.05,0,2
108,0.1,0,2
108,0.15,1,2
108,0.2,1,2
108,0.25,1,2
108,0.3,1,2
108,0.35,1,2
108,0.4,1,2
108,0.45,0,2
108,0.5,1,2
108,0.55,0,2
108,0.6,0,2
108,0.65,1,2
108,0.7,0,2
108,0.75,0,2
108,0.8,0,2
108,0.85,0,2
108,0.9,0,2
108,0.95,0,2
108,1,0,2
109,0.05,0,2
109,0.1,0,2
109,0.15,1,2
109,0.2,1,2
109,0.25,1,2
109,0.3,1,2
109,0.35,1,2
109,0.4,1,2
109,0.45,1,2
109,0.5,0,2
109,0.55,0,2
109,0.6,0,2
109,0.65,1,2
109,0.7,0,2
109,0.75,0,2
109,0.8,0,2
109,0.85,0,2
109,0.9,0,2
109,0.95,0,2
109,1,0,2
110,0.05,0,2
110,0.1,1,2
110,0.15,1,2
110,0.2,1,2
110,0.25,1,2
110,0.3,1,2
110,0.35,1,2
110,0.4,1,2
110,0.45,0,2
110,0.5,1,2
110,0.55,0,2
110,0.6,0,2
110,0.65,0,2
110,0.7,0,2
110,0.75,1,2
110,0.8,0,2
110,0.85,0,2
110,0.9,0,2
110,0.95,0,2
110,1,0,2
111,0.05,0,2
111,0.1,1,2
111,0.15,1,2
111,0.2,1,2
111,0.25,1,2
111,0.3,1,2
111,0.35,1,2
111,0.4,1,2
111,0.45,1,2
111,0.5,1,2
111,0.55,0,2
111,0.6,0,2
111,0.65,0,2
111,0.7,0,2
111,0.75,1,2
111,0.8,0,2
111,0.85,0,2
111,0.9,0,2
111,0.95,0,2
111,1,0,2
112,0.05,0,2
112,0.1,1,2
112,0.15,1,2
112,0.2,1,2
112,0.25,1,2
112,0.3,1,2
112,0.35,1,2
112,0.4,1,2
112,0.45,0,2
112,0.5,0,2
112,0.55,0,2
112,0.6,0,2
112,0.65,0,2
112,0.7,0,2
112,0.75,0,2
112,0.8,0,2
112,0.85,0,2
112,0.9,0,2
112,0.95,1,2
112,1,0,2
113,0.05,0,2
113,0.1,1,2
113,0.15,1,2
113,0.2,1,2
113,0.25,1,2
113,0.3,1,2
113,0.35,1,2
113,0.4,1,2
113,0.45,1,2
113,0.5,1,2
113,0.55,0,2
113,0.6,0,2
113,0.65,0,2
113,0.7,0,2
113,0.75,0,2
113,0.8,0,2
113,0.85,0,2
113,0.9,0,2
113,0.95,1,2
113,1,0,2
114,0.05,0,2
114,0.1,0,2
114,0.15,1,2
114,0.2,1,2
114,0.25,1,2
114,0.3,1,2
114,0.35,1,2
114,0.4,1,2
114,0.45,1,2
114,0.5,1,2
114,0.55,0,2
114,0.6,0,2
114,0.65,0,2
114,0.7,0,2
114,0.75,1,2
114,0.8,0,2
114,0.85,0,2
114,0.9,0,2
114,0.95,0,2
114,1,0,2
115,0.05,0,2
115,0.1,1,2
115,0.15,1,2
115,0.2,1,2
115,0.25,1,2
115,0.3,1,2
115,0.35,1,2
115,0.4,0,2
115,0.45,0,2
115,0.5,0,2
115,0.55,0,2
115,0.6,0,2
115,0.65,0,2
115,0.7,1,2
115,0.75,0,2
115,0.8,0,2
115,0.85,0,2
115,0.9,0,2
115,0.95,0,2
115,1,0,2
116,0.05,0,2
116,0.1,1,2
116,0.15,1,2
116,0.2,1,2
116,0.25,1,2
116,0.3,1,2
116,0.35,1,2
116,0.4,1,2
116,0.45,1,2
116,0.5,1,2
116,0.55,0,2
116,0.6,0,2
116,0.65,1,2
116,0.7,0,2
116,0.75,0,2
116,0.8,0,2
116,0.85,0,2
116,0.9,0,2
116,0.95,0,2
116,1,0,2
117,0.05,0,2
117,0.1,1,2
117,0.15,1,2
117,0.2,1,2
117,0.25,1,2
117,0.3,1,2
117,0.35,1,2
117,0.4,0,2
117,0.45,0,2
117,0.5,1,2
117,0.55,0,2
117,0.6,1,2
117,0.65,1,2
117,0.7,0,2
117,0.75,0,2
117,0.8,0,2
117,0.85,0,2
117,0.9,0,2
117,0.95,0,2
117,1,0,2
118,0.05,0,2
118,0.1,1,2
118,0.15,1,2
118,0.2,1,2
118,0.25,1,2
118,0.3,1,2
118,0.35,1,2
118,0.4,0,2
118,0.45,0,2
118,0.5,0,2
118,0.55,0,2
118,0.6,0,2
118,0.65,1,2
118,0.7,0,2
118,0.75,0,2
118,0.8,0,2
118,0.85,0,2
118,0.9,0,2
118,0.95,0,2
118,1,0,2
119,0.05,0,2
119,0.1,1,2
119,0.15,1,2
119,0.2,1,2
119,0.25,1,2
119,0.3,1,2
119,0.35,1,2
119,0.4,1,2
119,0.45,1,2
119,0.5,1,2
119,0.55,1,2
119,0.6,0,2
119,0.65,0,2
119,0.7,0,2
119,0.75,0,2
119,0.8,0,2
119,0.85,0,2
119,0.9,0,2
119,0.95,0,2
119,1,0,2
120,0.05,0,2
120,0.1,0,2
120,0.15,1,2
120,0.2,1,2
120,0.25,1,2
120,0.3,1,2
120,0.35,1,2
120,0.4,1,2
120,0.45,0,2
120,0.5,0,2
120,0.55,0,2
120,0.6,1,2
120,0.65,1,2
120,0.7,1,2
120,0.75,0,2
120,0.8,0,2
120,0.85,0,2
120,0.9,0,2
120,0.95,0,2
120,1,0,2
121,0.05,0,2
121,0.1,0,2
121,0.15,1,2
121,0.2,1,2
121,0.25,1,2
121,0.3,1,2
121,0.35,1,2
121,0.4,1,2
121,0.45,0,2
121,0.5,0,2
121,0.55,0,2
121,0.6,0,2
121,0.65,0,2
121,0.7,0,2
121,0.75,0,2
121,0.8,0,2
121,0.85,0,2
121,0.9,0,2
121,0.95,0,2
121,1,0,2
122,0.05,0,2
122,0.1,0,2
122,0.15,1,2
122,0.2,1,2
122,0.25,1,2
122,0.3,1,2
122,0.35,1,2
122,0.4,1,2
122,0.45,0,2
122,0.5,1,2
122,0.55,1,2
122,0.6,0,2
122,0.65,0,2
122,0.7,1,2
122,0.75,0,2
122,0.8,0,2
122,0.85,0,2
122,0.9,0,2
122,0.95,1,2
122,1,0,2
123,0.05,0,2
123,0.1,0,2
123,0.15,1,2
123,0.2,1,2
123,0.25,1,2
123,0.3,1,2
123,0.35,1,2
123,0.4,1,2
123,0.45,0,2
123,0.5,1,2
123,0.55,0,2
123,0.6,0,2
123,0.65,1,2
123,0.7,0,2
123,0.75,0,2
123,0.8,0,2
123,0.85,0,2
123,0.9,0,2
123,0.95,0,2
123,1,0,2
124,0.05,0,2
124,0.1,1,2
124,0.15,1,2
124,0.2,1,2
124,0.25,1,2
124,0.3,1,2
124,0.35,1,2
124,0.4,0,2
124,0.45,0,2
124,0.5,1,2
124,0.55,0,2
124,0.6,0,2
124,0.65,1,2
124,0.7,0,2
124,0.75,0,2
124,0.8,0,2
124,0.85,0,2
124,0.9,0,2
124,0.95,0,2
124,1,0,2
125,0.05,0,2
125,0.1,1,2
125,0.15,1,2
125,0.2,1,2
125,0.25,1,2
125,0.3,1,2
125,0.35,1,2
125,0.4,1,2
125,0.45,1,2
125,0.5,1,2
125,0.55,0,2
125,0.6,1,2
125,0.65,0,2
125,0.7,0,2
125,0.75,0,2
125,0.8,0,2
125,0.85,1,2
125,0.9,0,2
125,0.95,0,2
125,1,0,2
126,0.05,0,2
126,0.1,1,2
126,0.15,1,2
126,0.2,1,2
126,0.25,1,2
126,0.3,1,2
126,0.35,1,2
126,0.4,1,2
126,0.45,0,2
126,0.5,1,2
126,0.55,1,2
126,0.6,1,2
126,0.65,0,2
126,0.7,0,2
126,0.75,0,2
126,0.8,0,2
126,0.85,0,2
126,0.9,0,2
126,0.95,0,2
126,1,0,2
127,0.05,0,2
127,0.1,0,2
127,0.15,1,2
127,0.2,1,2
127,0.25,1,2
127,0.3,1,2
127,0.35,1,2
127,0.4,1,2
127,0.45,0,2
127,0.5,0,2
127,0.55,0,2
127,0.6,0,2
127,0.65,0,2
127,0.7,0,2
127,0.75,0,2
127,0.8,0,2
127,0.85,0,2
127,0.9,0,2
127,0.95,0,2
127,1,0,2
128,0.05,0,2
128,0.1,1,2
128,0.15,1,2
128,0.2,1,2
128,0.25,1,2
128,0.3,1,2
128,0.35,1,2
128,0.4,0,2
128,0.45,0,2
128,0.5,0,2
128,0.55,0,2
128,0.6,1,2
128,0.65,0,2
128,0.7,0,2
128,0.75,1,2
128,0.8,0,2
128,0.85,0,2
128,0.9,0,2
128,0.95,0,2
128,1,0,2
129,0.05,0,2
129,0.1,0,2
129,0.15,1,2
129,0.2,1,2
129,0.25,1,2
129,0.3,1,2
129,0.35,1,2
129,0.4,1,2
129,0.45,0,2
129,0.5,0,2
129,0.55,0,2
129,0.6,0,2
129,0.65,0,2
129,0.7,0,2
129,0.75,0,2
129,0.8,0,2
129,0.85,0,2
129,0.9,0,2
129,0.95,0,2
129,1,0,2
130,0.05,0,2
130,0.1,1,2
130,0.15,1,2
130,0.2,1,2
130,0.25,1,2
130,0.3,1,2
130,0.35,0,2
130,0.4,1,2
130,0.45,0,2
130,0.5,0,2
130,0.55,0,2
130,0.6,0,2
130,0.65,0,2
130,0.7,0,2
130,0.75,0,2
130,0.8,0,2
130,0.85,0,2
130,0.9,0,2
130,0.95,0,2
130,1,0,2
131,0.05,1,2
131,0.1,1,2
131,0.15,1,2
131,0.2,1,2
131,0.25,1,2
131,0.3,1,2
131,0.35,0,2
131,0.4,1,2
131,0.45,0,2
131,0.5,1,2
131,0.55,0,2
131,0.6,0,2
131,0.65,0,2
131,0.7,1,2
131,0.75,0,2
131,0.8,0,2
131,0.85,0,2
131,0.9,0,2
131,0.95,0,2
131,1,0,2
132,0.05,0,2
132,0.1,0,2
132,0.15,1,2
132,0.2,1,2
132,0.25,1,2
132,0.3,1,2
132,0.35,0,2
132,0.4,1,2
132,0.45,0,2
132,0.5,0,2
132,0.55,0,2
132,0.6,1,2
132,0.65,0,2
132,0.7,0,2
132,0.75,1,2
132,0.8,0,2
132,0.85,0,2
132,0.9,0,2
132,0.95,0,2
132,1,0,2
133,0.05,0,2
133,0.1,0,2
133,0.15,1,2
133,0.2,1,2
133,0.25,1,2
133,0.3,1,2
133,0.35,1,2
133,0.4,0,2
133,0.45,0,2
133,0.5,0,2
133,0.55,0,2
133,0.6,1,2
133,0.65,1,2
133,0.7,1,2
133,0.75,0,2
133,0.8,0,2
133,0.85,0,2
133,0.9,0,2
133,0.95,0,2
133,1,0,2
134,0.05,0,2
134,0.1,0,2
134,0.15,1,2
134,0.2,1,2
134,0.25,1,2
134,0.3,1,2
134,0.35,1,2
134,0.4,1,2
134,0.45,1,2
134,0.5,1,2
134,0.55,0,2
134,0.6,0,2
134,0.65,1,2
134,0.7,0,2
134,0.75,0,2
134,0.8,0,2
134,0.85,0,2
134,0.9,0,2
134,0.95,0,2
134,1,0,2
135,0.05,1,2
135,0.1,1,2
135,0.15,1,2
135,0.2,1,2
135,0.25,1,2
135,0.3,1,2
135,0.35,1,2
135,0.4,0,2
135,0.45,1,2
135,0.5,0,2
135,0.55,0,2
135,0.6,0,2
135,0.65,0,2
135,0.7,1,2
135,0.75,1,2
135,0.8,0,2
135,0.85,0,2
135,0.9,0,2
135,0.95,0,2
135,1,0,2
136,0.05,0,2
136,0.1,1,2
136,0.15,1,2
136,0.2,1,2
136,0.25,1,2
136,0.3,1,2
136,0.35,1,2
136,0.4,1,2
136,0.45,0,2
136,0.5,0,2
136,0.55,1,2
136,0.6,0,2
136,0.65,0,2
136,0.7,0,2
136,0.75,0,2
136,0.8,0,2
136,0.85,0,2
136,0.9,0,2
136,0.95,0,2
136,1,0,2
137,0.05,0,2
137,0.1,1,2
137,0.15,1,2
137,0.2,1,2
137,0.25,1,2
137,0.3,1,2
137,0.35,1,2
137,0.4,0,2
137,0.45,1,2
137,0.5,0,2
137,0.55,0,2
137,0.6,1,2
137,0.65,0,2
137,0.7,0,2
137,0.75,0,2
137,0.8,0,2
137,0.85,0,2
137,0.9,0,2
137,0.95,0,2
137,1,0,2
138,0.05,0,2
138,0.1,1,2
138,0.15,1,2
138,0.2,1,2
138,0.25,1,2
138,0.3,1,2
138,0.35,1,2
138,0.4,1,2
138,0.45,0,2
138,0.5,0,2
138,0.55,0,2
138,0.6,0,2
138,0.65,0,2
138,0.7,0,2
138,0.75,0,2
138,0.8,0,2
138,0.85,0,2
138,0.9,0,2
138,0.95,0,2
138,1,0,2
139,0.05,0,2
139,0.1,0,2
139,0.15,1,2
139,0.2,1,2
139,0.25,1,2
139,0.3,1,2
139,0.35,1,2
139,0.4,1,2
139,0.45,0,2
139,0.5,0,2
139,0.55,0,2
139,0.6,0,2
139,0.65,0,2
139,0.7,0,2
139,0.75,0,2
139,0.8,0,2
139,0.85,0,2
139,0.9,0,2
139,0.95,0,2
139,1,0,2
140,0.05,0,2
140,0.1,0,2
140,0.15,1,2
140,0.2,1,2
140,0.25,1,2
140,0.3,1,2
140,0.35,1,2
140,0.4,1,2
140,0.45,0,2
140,0.5,1,2
140,0.55,1,2
140,0.6,1,2
140,0.65,0,2
140,0.7,0,2
140,0.75,1,2
140,0.8,0,2
140,0.85,0,2
140,0.9,0,2
140,0.95,0,2
140,1,0,2
141,0.05,0,2
141,0.1,0,2
141,0.15,1,2
141,0.2,1,2
141,0.25,1,2
141,0.3,1,2
141,0.35,0,2
141,0.4,1,2
141,0.45,0,2
141,0.5,0,2
141,0.55,1,2
141,0.6,0,2
141,0.65,0,2
141,0.7,0,2
141,0.75,0,2
141,0.8,0,2
141,0.85,0,2
141,0.9,0,2
141,0.95,0,2
141,1,0,2
142,0.05,0,2
142,0.1,0,2
142,0.15,1,2
142,0.2,1,2
142,0.25,1,2
142,0.3,1,2
142,0.35,1,2
142,0.4,0,2
142,0.45,1,2
142,0.5,0,2
142,0.55,1,2
142,0.6,1,2
142,0.65,0,2
142,0.7,0,2
142,0.75,0,2
142,0.8,1,2
142,0.85,0,2
142,0.9,0,2
142,0.95,0,2
142,1,0,2
143,0.05,0,2
143,0.1,0,2
143,0.15,1,2
143,0.2,1,2
143,0.25,1,2
143,0.3,1,2
143,0.35,1,2
143,0.4,1,2
143,0.45,1,2
143,0.5,0,2
143,0.55,0,2
143,0.6,0,2
143,0.65,0,2
143,0.7,0,2
143,0.75,0,2
143,0.8,0,2
143,0.85,0,2
143,0.9,0,2
143,0.95,0,2
143,1,0,2
144,0.05,0,2
144,0.1,1,2
144,0.15,1,2
144,0.2,1,2
144,0.25,1,2
144,0.3,1,2
144,0.35,1,2
144,0.4,0,2
144,0.45,0,2
144,0.5,0,2
144,0.55,1,2
144,0.6,0,2
144,0.65,1,2
144,0.7,1,2
144,0.75,0,2
144,0.8,0,2
144,0.85,0,2
144,0.9,0,2
144,0.95,0,2
144,1,0,2
145,0.05,1,2
145,0.1,1,2
145,0.15,1,2
145,0.2,1,2
145,0.25,1,2
145,0.3,1,2
145,0.35,1,2
145,0.4,0,2
145,0.45,1,2
145,0.5,1,2
145,0.55,0,2
145,0.6,0,2
145,0.65,0,2
145,0.7,0,2
145,0.75,0,2
145,0.8,0,2
145,0.85,0,2
145,0.9,0,2
145,0.95,0,2
145,1,0,2
146,0.05,0,2
146,0.1,1,2
146,0.15,0,2
146,0.2,1,2
146,0.25,1,2
146,0.3,1,2
146,0.35,1,2
146,0.4,1,2
146,0.45,0,2
146,0.5,1,2
146,0.55,0,2
146,0.6,0,2
146,0.65,0,2
146,0.7,0,2
146,0.75,0,2
146,0.8,0,2
146,0.85,0,2
146,0.9,0,2
146,0.95,0,2
146,1,0,2
147,0.05,0,2
147,0.1,0,2
147,0.15,1,2
147,0.2,1,2
147,0.25,1,2
147,0.3,1,2
147,0.35,1,2
147,0.4,1,2
147,0.45,1,2
147,0.5,1,2
147,0.55,1,2
147,0.6,1,2
147,0.65,1,2
147,0.7,1,2
147,0.75,0,2
147,0.8,1,2
147,0.85,0,2
147,0.9,0,2
147,0.95,0,2
147,1,0,2
148,0.05,0,2
148,0.1,1,2
148,0.15,1,2
148,0.2,1,2
148,0.25,1,2
148,0.3,1,2
148,0.35,1,2
148,0.4,1,2
148,0.45,1,2
148,0.5,0,2
148,0.55,0,2
148,0.6,0,2
148,0.65,0,2
148,0.7,0,2
148,0.75,0,2
148,0.8,0,2
148,0.85,0,2
148,0.9,0,2
148,0.95,1,2
148,1,0,2
149,0.05,0,2
149,0.1,1,2
149,0.15,1,2
149,0.2,1,2
149,0.25,0,2
149,0.3,1,2
149,0.35,1,2
149,0.4,1,2
149,0.45,0,2
149,0.5,0,2
149,0.55,0,2
149,0.6,0,2
149,0.65,0,2
149,0.7,0,2
149,0.75,0,2
149,0.8,0,2
149,0.85,0,2
149,0.9,0,2
149,0.95,0,2
149,1,0,2
150,0.05,0,2
150,0.1,0,2
150,0.15,1,2
150,0.2,1,2
150,0.25,1,2
150,0.3,1,2
150,0.35,1,2
150,0.4,1,2
150,0.45,0,2
150,0.5,1,2
150,0.55,0,2
150,0.6,0,2
150,0.65,0,2
150,0.7,0,2
150,0.75,0,2
150,0.8,0,2
150,0.85,0,2
150,0.9,0,2
150,0.95,0,2
150,1,0,2
151,0.05,0,2
151,0.1,0,2
151,0.15,1,2
151,0.2,1,2
151,0.25,1,2
151,0.3,1,2
151,0.35,1,2
151,0.4,0,2
151,0.45,1,2
151,0.5,0,2
151,0.55,0,2
151,0.6,0,2
151,0.65,0,2
151,0.7,0,2
151,0.75,0,2
151,0.8,0,2
151,0.85,0,2
151,0.9,0,2
151,0.95,0,2
151,1,1,2
152,0.05,0,2
152,0.1,1,2
152,0.15,1,2
152,0.2,1,2
152,0.25,1,2
152,0.3,1,2
152,0.35,1,2
152,0.4,1,2
152,0.45,1,2
152,0.5,1,2
152,0.55,0,2
152,0.6,1,2
152,0.65,0,2
152,0.7,0,2
152,0.75,0,2
152,0.8,0,2
152,0.85,0,2
152,0.9,0,2
152,0.95,0,2
152,1,1,2
153,0.05,0,2
153,0.1,1,2
153,0.15,1,2
153,0.2,1,2
153,0.25,1,2
153,0.3,1,2
153,0.35,0,2
153,0.4,1,2
153,0.45,0,2
153,0.5,0,2
153,0.55,0,2
153,0.6,0,2
153,0.65,0,2
153,0.7,1,2
153,0.75,0,2
153,0.8,0,2
153,0.85,0,2
153,0.9,0,2
153,0.95,0,2
153,1,0,2
154,0.05,0,2
154,0.1,0,2
154,0.15,1,2
154,0.2,1,2
154,0.25,1,2
154,0.3,1,2
154,0.35,1,2
154,0.4,1,2
154,0.45,0,2
154,0.5,0,2
154,0.55,0,2
154,0.6,0,2
154,0.65,0,2
154,0.7,0,2
154,0.75,1,2
154,0.8,0,2
154,0.85,0,2
154,0.9,0,2
154,0.95,0,2
154,1,0,2
155,0.05,0,2
155,0.1,0,2
155,0.15,1,2
155,0.2,1,2
155,0.25,1,2
155,0.3,1,2
155,0.35,1,2
155,0.4,0,2
155,0.45,0,2
155,0.5,0,2
155,0.55,0,2
155,0.6,0,2
155,0.65,0,2
155,0.7,0,2
155,0.75,0,2
155,0.8,0,2
155,0.85,0,2
155,0.9,0,2
155,0.95,0,2
155,1,0,2
156,0.05,0,2
156,0.1,1,2
156,0.15,1,2
156,0.2,1,2
156,0.25,1,2
156,0.3,1,2
156,0.35,1,2
156,0.4,1,2
156,0.45,0,2
156,0.5,0,2
156,0.55,0,2
156,0.6,0,2
156,0.65,1,2
156,0.7,0,2
156,0.75,0,2
156,0.8,0,2
156,0.85,0,2
156,0.9,0,2
156,0.95,0,2
156,1,0,2
157,0.05,0,2
157,0.1,1,2
157,0.15,1,2
157,0.2,1,2
157,0.25,1,2
157,0.3,1,2
157,0.35,1,2
157,0.4,1,2
157,0.45,1,2
157,0.5,0,2
157,0.55,1,2
157,0.6,1,2
157,0.65,0,2
157,0.7,0,2
157,0.75,1,2
157,0.8,0,2
157,0.85,0,2
157,0.9,0,2
157,0.95,0,2
157,1,0,2
158,0.05,0,2
158,0.1,1,2
158,0.15,1,2
158,0.2,1,2
158,0.25,1,2
158,0.3,1,2
158,0.35,1,2
158,0.4,0,2
158,0.45,0,2
158,0.5,0,2
158,0.55,0,2
158,0.6,0,2
158,0.65,1,2
158,0.7,0,2
158,0.75,0,2
158,0.8,0,2
158,0.85,0,2
158,0.9,0,2
158,0.95,0,2
158,1,0,2
159,0.05,0,2
159,0.1,0,2
159,0.15,1,2
159,0.2,1,2
159,0.25,1,2
159,0.3,1,2
159,0.35,1,2
159,0.4,1,2
159,0.45,0,2
159,0.5,0,2
159,0.55,0,2
159,0.6,0,2
159,0.65,0,2
159,0.7,0,2
159,0.75,1,2
159,0.8,0,2
159,0.85,0,2
159,0.9,0,2
159,0.95,0,2
159,1,0,2
160,0.05,0,2
160,0.1,1,2
160,0.15,1,2
160,0.2,1,2
160,0.25,1,2
160,0.3,1,2
160,0.35,1,2
160,0.4,1,2
160,0.45,0,2
160,0.5,0,2
160,0.55,0,2
160,0.6,0,2
160,0.65,1,2
160,0.7,0,2
160,0.75,0,2
160,0.8,0,2
160,0.85,0,2
160,0.9,0,2
160,0.95,0,2
160,1,0,2
161,0.05,0,2
161,0.1,1,2
161,0.15,1,2
161,0.2,1,2
161,0.25,1,2
161,0.3,1,2
161,0.35,1,2
161,0.4,1,2
161,0.45,0,2
161,0.5,0,2
161,0.55,1,2
161,0.6,0,2
161,0.65,0,2
161,0.7,0,2
161,0.75,0,2
161,0.8,0,2
161,0.85,0,2
161,0.9,0,2
161,0.95,0,2
161,1,0,2
162,0.05,0,2
162,0.1,1,2
162,0.15,1,2
162,0.2,1,2
162,0.25,1,2
162,0.3,1,2
162,0.35,1,2
162,0.4,0,2
162,0.45,1,2
162,0.5,1,2
162,0.55,1,2
162,0.6,1,2
162,0.65,0,2
162,0.7,0,2
162,0.75,0,2
162,0.8,0,2
162,0.85,0,2
162,0.9,0,2
162,0.95,0,2
162,1,0,2
163,0.05,0,2
163,0.1,1,2
163,0.15,1,2
163,0.2,1,2
163,0.25,1,2
163,0.3,1,2
163,0.35,1,2
163,0.4,1,2
163,0.45,0,2
163,0.5,1,2
163,0.55,0,2
163,0.6,0,2
163,0.65,0,2
163,0.7,0,2
163,0.75,0,2
163,0.8,0,2
163,0.85,0,2
163,0.9,0,2
163,0.95,0,2
163,1,0,2
164,0.05,0,2
164,0.1,0,2
164,0.15,1,2
164,0.2,1,2
164,0.25,1,2
164,0.3,1,2
164,0.35,1,2
164,0.4,1,2
164,0.45,0,2
164,0.5,0,2
164,0.55,1,2
164,0.6,1,2
164,0.65,1,2
164,0.7,0,2
164,0.75,0,2
164,0.8,0,2
164,0.85,0,2
164,0.9,0,2
164,0.95,0,2
164,1,0,2
165,0.05,0,2
165,0.1,1,2
165,0.15,1,2
165,0.2,1,2
165,0.25,1,2
165,0.3,1,2
165,0.35,1,2
165,0.4,1,2
165,0.45,0,2
165,0.5,0,2
165,0.55,1,2
165,0.6,1,2
165,0.65,0,2
165,0.7,0,2
165,0.75,1,2
165,0.8,1,2
165,0.85,0,2
165,0.9,0,2
165,0.95,0,2
165,1,0,2
166,0.05,1,2
166,0.1,0,2
166,0.15,1,2
166,0.2,1,2
166,0.25,1,2
166,0.3,1,2
166,0.35,1,2
166,0.4,1,2
166,0.45,1,2
166,0.5,1,2
166,0.55,0,2
166,0.6,0,2
166,0.65,0,2
166,0.7,1,2
166,0.75,0,2
166,0.8,0,2
166,0.85,0,2
166,0.9,0,2
166,0.95,0,2
166,1,0,2
167,0.05,0,2
167,0.1,0,2
167,0.15,1,2
167,0.2,1,2
167,0.25,1,2
167,0.3,1,2
167,0.35,1,2
167,0.4,1,2
167,0.45,0,2
167,0.5,0,2
167,0.55,0,2
167,0.6,0,2
167,0.65,0,2
167,0.7,0,2
167,0.75,0,2
167,0.8,0,2
167,0.85,0,2
167,0.9,0,2
167,0.95,0,2
167,1,0,2
168,0.05,0,2
168,0.1,1,2
168,0.15,1,2
168,0.2,0,2
168,0.25,1,2
168,0.3,1,2
168,0.35,1,2
168,0.4,1,2
168,0.45,0,2
168,0.5,0,2
168,0.55,1,2
168,0.6,0,2
168,0.65,0,2
168,0.7,0,2
168,0.75,0,2
168,0.8,0,2
168,0.85,0,2
168,0.9,0,2
168,0.95,0,2
168,1,0,2
169,0.05,0,2
169,0.1,0,2
169,0.15,1,2
169,0.2,1,2
169,0.25,1,2
169,0.3,1,2
169,0.35,1,2
169,0.4,1,2
169,0.45,1,2
169,0.5,0,2
169,0.55,0,2
169,0.6,0,2
169,0.65,0,2
169,0.7,0,2
169,0.75,0,2
169,0.8,0,2
169,0.85,0,2
169,0.9,0,2
169,0.95,0,2
169,1,0,2
170,0.05,0,2
170,0.1,1,2
170,0.15,1,2
170,0.2,1,2
170,0.25,1,2
170,0.3,1,2
170,0.35,1,2
170,0.4,1,2
170,0.45,0,2
170,0.5,0,2
170,0.55,0,2
170,0.6,1,2
170,0.65,1,2
170,0.7,0,2
170,0.75,0,2
170,0.8,0,2
170,0.85,0,2
170,0.9,1,2
170,0.95,0,2
170,1,0,2
171,0.05,0,2
171,0.1,1,2
171,0.15,1,2
171,0.2,1,2
171,0.25,1,2
171,0.3,1,2
171,0.35,1,2
171,0.4,1,2
171,0.45,1,2
171,0.5,0,2
171,0.55,0,2
171,0.6,1,2
171,0.65,1,2
171,0.7,1,2
171,0.75,0,2
171,0.8,0,2
171,0.85,0,2
171,0.9,0,2
171,0.95,0,2
171,1,0,2
172,0.05,0,2
172,0.1,1,2
172,0.15,1,2
172,0.2,1,2
172,0.25,1,2
172,0.3,1,2
172,0.35,1,2
172,0.4,1,2
172,0.45,0,2
172,0.5,1,2
172,0.55,0,2
172,0.6,0,2
172,0.65,1,2
172,0.7,0,2
172,0.75,0,2
172,0.8,0,2
172,0.85,0,2
172,0.9,0,2
172,0.95,0,2
172,1,0,2
173,0.05,0,2
173,0.1,1,2
173,0.15,1,2
173,0.2,1,2
173,0.25,1,2
173,0.3,1,2
173,0.35,1,2
173,0.4,0,2
173,0.45,1,2
173,0.5,0,2
173,0.55,0,2
173,0.6,0,2
173,0.65,0,2
173,0.7,0,2
173,0.75,0,2
173,0.8,0,2
173,0.85,0,2
173,0.9,0,2
173,0.95,0,2
173,1,0,2
174,0.05,0,2
174,0.1,0,2
174,0.15,1,2
174,0.2,1,2
174,0.25,1,2
174,0.3,1,2
174,0.35,1,2
174,0.4,1,2
174,0.45,1,2
174,0.5,0,2
174,0.55,0,2
174,0.6,0,2
174,0.65,0,2
174,0.7,1,2
174,0.75,0,2
174,0.8,0,2
174,0.85,0,2
174,0.9,0,2
174,0.95,0,2
174,1,0,2
175,0.05,0,2
175,0.1,1,2
175,0.15,1,2
175,0.2,1,2
175,0.25,1,2
175,0.3,1,2
175,0.35,1,2
175,0.4,1,2
175,0.45,1,2
175,0.5,1,2
175,0.55,0,2
175,0.6,1,2
175,0.65,1,2
175,0.7,0,2
175,0.75,0,2
175,0.8,0,2
175,0.85,0,2
175,0.9,0,2
175,0.95,0,2
175,1,0,2
176,0.05,0,2
176,0.1,1,2
176,0.15,1,2
176,0.2,1,2
176,0.25,1,2
176,0.3,1,2
176,0.35,1,2
176,0.4,0,2
176,0.45,1,2
176,0.5,0,2
176,0.55,0,2
176,0.6,0,2
176,0.65,0,2
176,0.7,0,2
176,0.75,0,2
176,0.8,0,2
176,0.85,0,2
176,0.9,0,2
176,0.95,0,2
176,1,0,2
177,0.05,0,2
177,0.1,0,2
177,0.15,1,2
177,0.2,1,2
177,0.25,1,2
177,0.3,1,2
177,0.35,0,2
177,0.4,1,2
177,0.45,0,2
177,0.5,1,2
177,0.55,0,2
177,0.6,1,2
177,0.65,1,2
177,0.7,0,2
177,0.75,0,2
177,0.8,0,2
177,0.85,1,2
177,0.9,0,2
177,0.95,0,2
177,1,0,2
178,0.05,1,2
178,0.1,0,2
178,0.15,1,2
178,0.2,1,2
178,0.25,1,2
178,0.3,1,2
178,0.35,1,2
178,0.4,1,2
178,0.45,1,2
178,0.5,0,2
178,0.55,1,2
178,0.6,1,2
178,0.65,0,2
178,0.7,0,2
178,0.75,1,2
178,0.8,0,2
178,0.85,0,2
178,0.9,0,2
178,0.95,0,2
178,1,0,2
179,0.05,0,2
179,0.1,1,2
179,0.15,1,2
179,0.2,1,2
179,0.25,1,2
179,0.3,1,2
179,0.35,1,2
179,0.4,0,2
179,0.45,0,2
179,0.5,1,2
179,0.55,1,2
179,0.6,0,2
179,0.65,0,2
179,0.7,0,2
179,0.75,0,2
179,0.8,0,2
179,0.85,0,2
179,0.9,0,2
179,0.95,0,2
179,1,0,2
180,0.05,1,2
180,0.1,1,2
180,0.15,1,2
180,0.2,1,2
180,0.25,1,2
180,0.3,1,2
180,0.35,1,2
180,0.4,1,2
180,0.45,0,2
180,0.5,0,2
180,0.55,1,2
180,0.6,1,2
180,0.65,1,2
180,0.7,1,2
180,0.75,0,2
180,0.8,0,2
180,0.85,0,2
180,0.9,0,2
180,0.95,0,2
180,1,0,2
181,0.05,0,2
181,0.1,0,2
181,0.15,1,2
181,0.2,1,2
181,0.25,1,2
181,0.3,1,2
181,0.35,1,2
181,0.4,0,2
181,0.45,0,2
181,0.5,0,2
181,0.55,1,2
181,0.6,1,2
181,0.65,0,2
181,0.7,0,2
181,0.75,0,2
181,0.8,0,2
181,0.85,0,2
181,0.9,0,2
181,0.95,0,2
181,1,0,2
182,0.05,0,2
182,0.1,1,2
182,0.15,1,2
182,0.2,1,2
182,0.25,1,2
182,0.3,1,2
182,0.35,1,2
182,0.4,1,2
182,0.45,0,2
182,0.5,0,2
182,0.55,0,2
182,0.6,1,2
182,0.65,0,2
182,0.7,0,2
182,0.75,0,2
182,0.8,0,2
182,0.85,0,2
182,0.9,0,2
182,0.95,1,2
182,1,0,2
183,0.05,1,2
183,0.1,1,2
183,0.15,1,2
183,0.2,1,2
183,0.25,1,2
183,0.3,1,2
183,0.35,1,2
183,0.4,1,2
183,0.45,1,2
183,0.5,0,2
183,0.55,0,2
183,0.6,1,2
183,0.65,0,2
183,0.7,0,2
183,0.75,1,2
183,0.8,0,2
183,0.85,0,2
183,0.9,0,2
183,0.95,0,2
183,1,0,2
184,0.05,0,2
184,0.1,0,2
184,0.15,1,2
184,0.2,1,2
184,0.25,1,2
184,0.3,1,2
184,0.35,1,2
184,0.4,1,2
184,0.45,1,2
184,0.5,0,2
184,0.55,0,2
184,0.6,0,2
184,0.65,0,2
184,0.7,0,2
184,0.75,0,2
184,0.8,0,2
184,0.85,0,2
184,0.9,0,2
184,0.95,0,2
184,1,0,2
185,0.05,0,2
185,0.1,1,2
185,0.15,1,2
185,0.2,1,2
185,0.25,1,2
185,0.3,1,2
185,0.35,1,2
185,0.4,1,2
185,0.45,1,2
185,0.5,0,2
185,0.55,1,2
185,0.6,0,2
185,0.65,1,2
185,0.7,0,2
185,0.75,0,2
185,0.8,0,2
185,0.85,0,2
185,0.9,0,2
185,0.95,0,2
185,1,0,2
186,0.05,0,2
186,0.1,1,2
186,0.15,1,2
186,0.2,1,2
186,0.25,1,2
186,0.3,1,2
186,0.35,1,2
186,0.4,1,2
186,0.45,0,2
186,0.5,0,2
186,0.55,0,2
186,0.6,1,2
186,0.65,0,2
186,0.7,1,2
186,0.75,0,2
186,0.8,0,2
186,0.85,0,2
186,0.9,0,2
186,0.95,0,2
186,1,0,2
187,0.05,0,2
187,0.1,0,2
187,0.15,1,2
187,0.2,1,2
187,0.25,1,2
187,0.3,1,2
187,0.35,1,2
187,0.4,1,2
187,0.45,1,2
187,0.5,1,2
187,0.55,1,2
187,0.6,0,2
187,0.65,1,2
187,0.7,0,2
187,0.75,0,2
187,0.8,0,2
187,0.85,0,2
187,0.9,1,2
187,0.95,0,2
187,1,0,2
188,0.05,0,2
188,0.1,0,2
188,0.15,1,2
188,0.2,1,2
188,0.25,1,2
188,0.3,1,2
188,0.35,1,2
188,0.4,1,2
188,0.45,0,2
188,0.5,0,2
188,0.55,0,2
188,0.6,0,2
188,0.65,0,2
188,0.7,0,2
188,0.75,0,2
188,0.8,0,2
188,0.85,0,2
188,0.9,0,2
188,0.95,0,2
188,1,1,2
189,0.05,0,2
189,0.1,0,2
189,0.15,1,2
189,0.2,1,2
189,0.25,1,2
189,0.3,1,2
189,0.35,1,2
189,0.4,0,2
189,0.45,0,2
189,0.5,1,2
189,0.55,0,2
189,0.6,0,2
189,0.65,0,2
189,0.7,0,2
189,0.75,0,2
189,0.8,0,2
189,0.85,1,2
189,0.9,0,2
189,0.95,0,2
189,1,0,2
190,0.05,0,2
190,0.1,0,2
190,0.15,1,2
190,0.2,1,2
190,0.25,1,2
190,0.3,1,2
190,0.35,1,2
190,0.4,0,2
190,0.45,0,2
190,0.5,1,2
190,0.55,0,2
190,0.6,0,2
190,0.65,0,2
190,0.7,0,2
190,0.75,0,2
190,0.8,0,2
190,0.85,0,2
190,0.9,0,2
190,0.95,0,2
190,1,0,2
191,0.05,0,2
191,0.1,0,2
191,0.15,1,2
191,0.2,1,2
191,0.25,1,2
191,0.3,1,2
191,0.35,1,2
191,0.4,1,2
191,0.45,1,2
191,0.5,0,2
191,0.55,1,2
191,0.6,0,2
191,0.65,0,2
191,0.7,0,2
191,0.75,0,2
191,0.8,0,2
191,0.85,0,2
191,0.9,0,2
191,0.95,0,2
191,1,0,2
192,0.05,0,2
192,0.1,1,2
192,0.15,1,2
192,0.2,1,2
192,0.25,1,2
192,0.3,1,2
192,0.35,1,2
192,0.4,0,2
192,0.45,1,2
192,0.5,0,2
192,0.55,0,2
192,0.6,0,2
192,0.65,0,2
192,0.7,0,2
192,0.75,1,2
192,0.8,0,2
192,0.85,0,2
192,0.9,1,2
192,0.95,0,2
192,1,0,2
193,0.05,0,2
193,0.1,1,2
193,0.15,1,2
193,0.2,1,2
193,0.25,1,2
193,0.3,1,2
193,0.35,1,2
193,0.4,0,2
193,0.45,0,2
193,0.5,0,2
193,0.55,0,2
193,0.6,0,2
193,0.65,0,2
193,0.7,0,2
193,0.75,1,2
193,0.8,0,2
193,0.85,0,2
193,0.9,0,2
193,0.95,0,2
193,1,0,2
194,0.05,0,2
194,0.1,1,2
194,0.15,1,2
194,0.2,1,2
194,0.25,1,2
194,0.3,1,2
194,0.35,1,2
194,0.4,1,2
194,0.45,1,2
194,0.5,0,2
194,0.55,0,2
194,0.6,0,2
194,0.65,0,2
194,0.7,0,2
194,0.75,1,2
194,0.8,0,2
194,0.85,0,2
194,0.9,0,2
194,0.95,0,2
194,1,1,2
195,0.05,0,2
195,0.1,1,2
195,0.15,1,2
195,0.2,1,2
195,0.25,1,2
195,0.3,1,2
195,0.35,1,2
195,0.4,1,2
195,0.45,0,2
195,0.5,1,2
195,0.55,0,2
195,0.6,0,2
195,0.65,0,2
195,0.7,0,2
195,0.75,0,2
195,0.8,0,2
195,0.85,0,2
195,0.9,0,2
195,0.95,0,2
195,1,0,2
196,0.05,0,2
196,0.1,0,2
196,0.15,1,2
196,0.2,1,2
196,0.25,1,2
196,0.3,1,2
196,0.35,1,2
196,0.4,1,2
196,0.45,0,2
196,0.5,0,2
196,0.55,0,2
196,0.6,0,2
196,0.65,0,2
196,0.7,0,2
196,0.75,0,2
196,0.8,0,2
196,0.85,0,2
196,0.9,0,2
196,0.95,0,2
196,1,0,2
197,0.05,0,2
197,0.1,1,2
197,0.15,1,2
197,0.2,1,2
197,0.25,1,2
197,0.3,1,2
197,0.35,1,2
197,0.4,1,2
197,0.45,1,2
197,0.5,1,2
197,0.55,1,2
197,0.6,0,2
197,0.65,0,2
197,0.7,0,2
197,0.75,0,2
197,0.8,0,2
197,0.85,0,2
197,0.9,0,2
197,0.95,1,2
197,1,1,2
198,0.05,0,2
198,0.1,1,2
198,0.15,1,2
198,0.2,1,2
198,0.25,1,2
198,0.3,1,2
198,0.35,1,2
198,0.4,1,2
198,0.45,0,2
198,0.5,0,2
198,0.55,0,2
198,0.6,0,2
198,0.65,0,2
198,0.7,0,2
198,0.75,0,2
198,0.8,0,2
198,0.85,0,2
198,0.9,0,2
198,0.95,0,2
198,1,0,2
199,0.05,0,2
199,0.1,0,2
199,0.15,1,2
199,0.2,1,2
199,0.25,1,2
199,0.3,1,2
199,0.35,1,2
199,0.4,1,2
199,0.45,0,2
199,0.5,1,2
199,0.55,0,2
199,0.6,0,2
199,0.65,1,2
199,0.7,0,2
199,0.75,0,2
199,0.8,0,2
199,0.85,0,2
199,0.9,1,2
199,0.95,0,2
199,1,0,2
200,0.05,0,2
200,0.1,0,2
200,0.15,1,2
200,0.2,1,2
200,0.25,1,2
200,0.3,1,2
200,0.35,1,2
200,0.4,1,2
200,0.45,0,2
200,0.5,0,2
200,0.55,1,2
200,0.6,0,2
200,0.65,1,2
200,0.7,1,2
200,0.75,1,2
200,0.8,0,2
200,0.85,0,2
200,0.9,0,2
200,0.95,0,2
200,1,0,2
201,0.05,1,3
201,0.1,1,3
201,0.15,0,3
201,0.2,1,3
201,0.25,1,3
201,0.3,1,3
201,0.35,0,3
201,0.4,0,3
201,0.45,0,3
201,0.5,1,3
201,0.55,0,3
201,0.6,1,3
201,0.65,0,3
201,0.7,0,3
201,0.75,0,3
201,0.8,1,3
201,0.85,0,3
201,0.9,0,3
201,0.95,1,3
201,1,0,3
202,0.05,1,3
202,0.1,1,3
202,0.15,1,3
202,0.2,1,3
202,0.25,1,3
202,0.3,1,3
202,0.35,1,3
202,0.4,1,3
202,0.45,1,3
202,0.5,1,3
202,0.55,0,3
202,0.6,1,3
202,0.65,0,3
202,0.7,1,3
202,0.75,1,3
202,0.8,0,3
202,0.85,0,3
202,0.9,1,3
202,0.95,1,3
202,1,1,3
203,0.05,1,3
203,0.1,1,3
203,0.15,1,3
203,0.2,0,3
203,0.25,1,3
203,0.3,1,3
203,0.35,0,3
203,0.4,0,3
203,0.45,1,3
203,0.5,1,3
203,0.55,1,3
203,0.6,0,3
203,0.65,1,3
203,0.7,1,3
203,0.75,1,3
203,0.8,1,3
203,0.85,1,3
203,0.9,1,3
203,0.95,0,3
203,1,1,3
204,0.05,0,3
204,0.1,0,3
204,0.15,0,3
204,0.2,1,3
204,0.25,0,3
204,0.3,1,3
204,0.35,0,3
204,0.4,0,3
204,0.45,1,3
204,0.5,0,3
204,0.55,1,3
204,0.6,0,3
204,0.65,0,3
204,0.7,1,3
204,0.75,0,3
204,0.8,1,3
204,0.85,1,3
204,0.9,1,3
204,0.95,1,3
204,1,1,3
205,0.05,0,3
205,0.1,1,3
205,0.15,0,3
205,0.2,1,3
205,0.25,0,3
205,0.3,0,3
205,0.35,1,3
205,0.4,1,3
205,0.45,1,3
205,0.5,0,3
205,0.55,1,3
205,0.6,0,3
205,0.65,0,3
205,0.7,1,3
205,0.75,1,3
205,0.8,1,3
205,0.85,1,3
205,0.9,0,3
205,0.95,0,3
205,1,0,3
206,0.05,1,3
206,0.1,0,3
206,0.15,0,3
206,0.2,1,3
206,0.25,1,3
206,0.3,1,3
206,0.35,0,3
206,0.4,1,3
206,0.45,1,3
206,0.5,1,3
206,0.55,1,3
206,0.6,1,3
206,0.65,1,3
206,0.7,1,3
206,0.75,1,3
206,0.8,1,3
206,0.85,1,3
206,0.9,1,3
206,0.95,1,3
206,1,1,3
207,0.05,0,3
207,0.1,0,3
207,0.15,0,3
207,0.2,0,3
207,0.25,0,3
207,0.3,1,3
207,0.35,1,3
207,0.4,0,3
207,0.45,0,3
207,0.5,1,3
207,0.55,1,3
207,0.6,1,3
207,0.65,1,3
207,0.7,0,3
207,0.75,1,3
207,0.8,1,3
207,0.85,0,3
207,0.9,1,3
207,0.95,1,3
207,1,1,3
208,0.05,1,3
208,0.1,1,3
208,0.15,1,3
208,0.2,0,3
208,0.25,1,3
208,0.3,1,3
208,0.35,0,3
208,0.4,0,3
208,0.45,1,3
208,0.5,1,3
208,0.55,0,3
208,0.6,1,3
208,0.65,1,3
208,0.7,0,3
208,0.75,1,3
208,0.8,1,3
208,0.85,1,3
208,0.9,1,3
208,0.95,0,3
208,1,0,3
209,0.05,1,3
209,0.1,1,3
209,0.15,0,3
209,0.2,0,3
209,0.25,1,3
209,0.3,0,3
209,0.35,1,3
209,0.4,0,3
209,0.45,1,3
209,0.5,1,3
209,0.55,1,3
209,0.6,0,3
209,0.65,1,3
209,0.7,1,3
209,0.75,1,3
209,0.8,0,3
209,0.85,0,3
209,0.9,1,3
209,0.95,1,3
209,1,0,3
210,0.05,1,3
210,0.1,0,3
210,0.15,1,3
210,0.2,1,3
210,0.25,1,3
210,0.3,0,3
210,0.35,1,3
210,0.4,0,3
210,0.45,0,3
210,0.5,0,3
210,0.55,1,3
210,0.6,0,3
210,0.65,1,3
210,0.7,1,3
210,0.75,1,3
210,0.8,1,3
210,0.85,1,3
210,0.9,1,3
210,0.95,1,3
210,1,1,3
211,0.05,0,3
211,0.1,0,3
211,0.15,0,3
211,0.2,1,3
211,0.25,0,3
211,0.3,0,3
211,0.35,1,3
211,0.4,0,3
211,0.45,0,3
211,0.5,1,3
211,0.55,1,3
211,0.6,0,3
211,0.65,0,3
211,0.7,0,3
211,0.75,0,3
211,0.8,0,3
211,0.85,0,3
211,0.9,1,3
211,0.95,0,3
211,1,1,3
212,0.05,1,3
212,0.1,1,3
212,0.15,1,3
212,0.2,1,3
212,0.25,1,3
212,0.3,0,3
212,0.35,1,3
212,0.4,1,3
212,0.45,0,3
212,0.5,0,3
212,0.55,0,3
212,0.6,1,3
212,0.65,1,3
212,0.7,0,3
212,0.75,0,3
212,0.8,1,3
212,0.85,1,3
212,0.9,0,3
212,0.95,1,3
212,1,0,3
213,0.05,0,3
213,0.1,1,3
213,0.15,0,3
213,0.2,0,3
213,0.25,0,3
213,0.3,0,3
213,0.35,0,3
213,0.4,1,3
213,0.45,0,3
213,0.5,1,3
213,0.55,0,3
213,0.6,0,3
213,0.65,0,3
213,0.7,0,3
213,0.75,1,3
213,0.8,1,3
213,0.85,0,3
213,0.9,0,3
213,0.95,1,3
213,1,0,3
214,0.05,0,3
214,0.1,1,3
214,0.15,0,3
214,0.2,0,3
214,0.25,0,3
214,0.3,0,3
214,0.35,0,3
214,0.4,0,3
214,0.45,1,3
214,0.5,0,3
214,0.55,0,3
214,0.6,0,3
214,0.65,0,3
214,0.7,1,3
214,0.75,0,3
214,0.8,0,3
214,0.85,0,3
214,0.9,1,3
214,0.95,1,3
214,1,1,3
215,0.05,1,3
215,0.1,0,3
215,0.15,0,3
215,0.2,1,3
215,0.25,1,3
215,0.3,1,3
215,0.35,0,3
215,0.4,0,3
215,0.45,0,3
215,0.5,0,3
215,0.55,1,3
215,0.6,0,3
215,0.65,1,3
215,0.7,1,3
215,0.75,0,3
215,0.8,1,3
215,0.85,1,3
215,0.9,1,3
215,0.95,1,3
215,1,1,3
216,0.05,0,3
216,0.1,0,3
216,0.15,1,3
216,0.2,1,3
216,0.25,0,3
216,0.3,1,3
216,0.35,0,3
216,0.4,1,3
216,0.45,1,3
216,0.5,1,3
216,0.55,1,3
216,0.6,1,3
216,0.65,1,3
216,0.7,0,3
216,0.75,1,3
216,0.8,1,3
216,0.85,1,3
216,0.9,1,3
216,0.95,1,3
216,1,1,3
217,0.05,0,3
217,0.1,0,3
217,0.15,1,3
217,0.2,1,3
217,0.25,1,3
217,0.3,1,3
217,0.35,0,3
217,0.4,1,3
217,0.45,0,3
217,0.5,1,3
217,0.55,0,3
217,0.6,0,3
217,0.65,0,3
217,0.7,0,3
217,0.75,1,3
217,0.8,0,3
217,0.85,0,3
217,0.9,1,3
217,0.95,0,3
217,1,0,3
218,0.05,0,3
218,0.1,1,3
218,0.15,0,3
218,0.2,0,3
218,0.25,0,3
218,0.3,0,3
218,0.35,0,3
218,0.4,0,3
218,0.45,0,3
218,0.5,0,3
218,0.55,0,3
218,0.6,0,3
218,0.65,0,3
218,0.7,1,3
218,0.75,0,3
218,0.8,1,3
218,0.85,1,3
218,0.9,1,3
218,0.95,0,3
218,1,1,3
219,0.05,0,3
219,0.1,1,3
219,0.15,1,3
219,0.2,0,3
219,0.25,0,3
219,0.3,1,3
219,0.35,1,3
219,0.4,0,3
219,0.45,1,3
219,0.5,0,3
219,0.55,1,3
219,0.6,0,3
219,0.65,0,3
219,0.7,1,3
219,0.75,1,3
219,0.8,1,3
219,0.85,1,3
219,0.9,0,3
219,0.95,0,3
219,1,0,3
220,0.05,0,3
220,0.1,1,3
220,0.15,0,3
220,0.2,0,3
220,0.25,1,3
220,0.3,1,3
220,0.35,0,3
220,0.4,1,3
220,0.45,0,3
220,0.5,0,3
220,0.55,0,3
220,0.6,1,3
220,0.65,1,3
220,0.7,0,3
220,0.75,1,3
220,0.8,0,3
220,0.85,1,3
220,0.9,1,3
220,0.95,0,3
220,1,1,3
221,0.05,1,3
221,0.1,1,3
221,0.15,1,3
221,0.2,0,3
221,0.25,0,3
221,0.3,1,3
221,0.35,0,3
221,0.4,0,3
221,0.45,1,3
221,0.5,0,3
221,0.55,0,3
221,0.6,0,3
221,0.65,0,3
221,0.7,0,3
221,0.75,0,3
221,0.8,0,3
221,0.85,0,3
221,0.9,0,3
221,0.95,0,3
221,1,1,3
222,0.05,1,3
222,0.1,0,3
222,0.15,1,3
222,0.2,0,3
222,0.25,0,3
222,0.3,0,3
222,0.35,0,3
222,0.4,0,3
222,0.45,1,3
222,0.5,0,3
222,0.55,0,3
222,0.6,0,3
222,0.65,0,3
222,0.7,0,3
222,0.75,1,3
222,0.8,1,3
222,0.85,1,3
222,0.9,0,3
222,0.95,0,3
222,1,0,3
223,0.05,1,3
223,0.1,1,3
223,0.15,1,3
223,0.2,0,3
223,0.25,1,3
223,0.3,0,3
223,0.35,0,3
223,0.4,0,3
223,0.45,1,3
223,0.5,0,3
223,0.55,1,3
223,0.6,0,3
223,0.65,0,3
223,0.7,1,3
223,0.75,1,3
223,0.8,0,3
223,0.85,0,3
223,0.9,0,3
223,0.95,0,3
223,1,1,3
224,0.05,0,3
224,0.1,0,3
224,0.15,0,3
224,0.2,0,3
224,0.25,1,3
224,0.3,1,3
224,0.35,0,3
224,0.4,1,3
224,0.45,0,3
224,0.5,1,3
224,0.55,0,3
224,0.6,0,3
224,0.65,1,3
224,0.7,0,3
224,0.75,0,3
224,0.8,0,3
224,0.85,0,3
224,0.9,0,3
224,0.95,0,3
224,1,1,3
225,0.05,0,3
225,0.1,0,3
225,0.15,1,3
225,0.2,0,3
225,0.25,1,3
225,0.3,1,3
225,0.35,0,3
225,0.4,0,3
225,0.45,0,3
225,0.5,0,3
225,0.55,0,3
225,0.6,0,3
225,0.65,1,3
225,0.7,1,3
225,0.75,0,3
225,0.8,1,3
225,0.85,1,3
225,0.9,1,3
225,0.95,1,3
225,1,1,3
226,0.05,0,3
226,0.1,1,3
226,0.15,1,3
226,0.2,1,3
226,0.25,1,3
226,0.3,1,3
226,0.35,0,3
226,0.4,1,3
226,0.45,1,3
226,0.5,1,3
226,0.55,1,3
226,0.6,1,3
226,0.65,0,3
226,0.7,1,3
226,0.75,0,3
226,0.8,1,3
226,0.85,1,3
226,0.9,0,3
226,0.95,1,3
226,1,0,3
227,0.05,0,3
227,0.1,1,3
227,0.15,1,3
227,0.2,1,3
227,0.25,0,3
227,0.3,0,3
227,0.35,0,3
227,0.4,0,3
227,0.45,1,3
227,0.5,0,3
227,0.55,0,3
227,0.6,0,3
227,0.65,0,3
227,0.7,0,3
227,0.75,0,3
227,0.8,0,3
227,0.85,0,3
227,0.9,1,3
227,0.95,0,3
227,1,1,3
228,0.05,0,3
228,0.1,0,3
228,0.15,0,3
228,0.2,0,3
228,0.25,0,3
228,0.3,0,3
228,0.35,0,3
228,0.4,0,3
228,0.45,0,3
228,0.5,0,3
228,0.55,1,3
228,0.6,0,3
228,0.65,1,3
228,0.7,1,3
228,0.75,0,3
228,0.8,0,3
228,0.85,1,3
228,0.9,0,3
228,0.95,0,3
228,1,0,3
229,0.05,0,3
229,0.1,0,3
229,0.15,1,3
229,0.2,0,3
229,0.25,1,3
229,0.3,0,3
229,0.35,0,3
229,0.4,0,3
229,0.45,1,3
229,0.5,1,3
229,0.55,1,3
229,0.6,0,3
229,0.65,0,3
229,0.7,0,3
229,0.75,0,3
229,0.8,0,3
229,0.85,1,3
229,0.9,0,3
229,0.95,1,3
229,1,1,3
230,0.05,0,3
230,0.1,1,3
230,0.15,1,3
230,0.2,0,3
230,0.25,1,3
230,0.3,0,3
230,0.35,0,3
230,0.4,0,3
230,0.45,0,3
230,0.5,0,3
230,0.55,1,3
230,0.6,1,3
230,0.65,1,3
230,0.7,1,3
230,0.75,0,3
230,0.8,0,3
230,0.85,0,3
230,0.9,1,3
230,0.95,1,3
230,1,1,3
231,0.05,0,3
231,0.1,1,3
231,0.15,1,3
231,0.2,1,3
231,0.25,1,3
231,0.3,1,3
231,0.35,0,3
231,0.4,0,3
231,0.45,0,3
231,0.5,1,3
231,0.55,0,3
231,0.6,1,3
231,0.65,1,3
231,0.7,0,3
231,0.75,0,3
231,0.8,0,3
231,0.85,0,3
231,0.9,1,3
231,0.95,0,3
231,1,1,3
232,0.05,0,3
232,0.1,0,3
232,0.15,0,3
232,0.2,0,3
232,0.25,1,3
232,0.3,0,3
232,0.35,1,3
232,0.4,1,3
232,0.45,0,3
232,0.5,0,3
232,0.55,0,3
232,0.6,0,3
232,0.65,0,3
232,0.7,0,3
232,0.75,1,3
232,0.8,0,3
232,0.85,0,3
232,0.9,0,3
232,0.95,1,3
232,1,0,3
233,0.05,1,3
233,0.1,1,3
233,0.15,1,3
233,0.2,0,3
233,0.25,1,3
233,0.3,0,3
233,0.35,0,3
233,0.4,1,3
233,0.45,1,3
233,0.5,1,3
233,0.55,0,3
233,0.6,1,3
233,0.65,0,3
233,0.7,0,3
233,0.75,1,3
233,0.8,1,3
233,0.85,1,3
233,0.9,0,3
233,0.95,0,3
233,1,1,3
234,0.05,0,3
234,0.1,0,3
234,0.15,1,3
234,0.2,1,3
234,0.25,0,3
234,0.3,0,3
234,0.35,1,3
234,0.4,1,3
234,0.45,1,3
234,0.5,0,3
234,0.55,1,3
234,0.6,0,3
234,0.65,1,3
234,0.7,1,3
234,0.75,1,3
234,0.8,0,3
234,0.85,1,3
234,0.9,0,3
234,0.95,1,3
234,1,0,3
235,0.05,0,3
235,0.1,1,3
235,0.15,0,3
235,0.2,1,3
235,0.25,1,3
235,0.3,0,3
235,0.35,0,3
235,0.4,0,3
235,0.45,0,3
235,0.5,1,3
235,0.55,0,3
235,0.6,0,3
235,0.65,1,3
235,0.7,0,3
235,0.75,1,3
235,0.8,1,3
235,0.85,0,3
235,0.9,1,3
235,0.95,0,3
235,1,1,3
236,0.05,1,3
236,0.1,1,3
236,0.15,1,3
236,0.2,1,3
236,0.25,0,3
236,0.3,0,3
236,0.35,1,3
236,0.4,0,3
236,0.45,1,3
236,0.5,1,3
236,0.55,0,3
236,0.6,0,3
236,0.65,1,3
236,0.7,0,3
236,0.75,0,3
236,0.8,0,3
236,0.85,1,3
236,0.9,1,3
236,0.95,1,3
236,1,1,3
237,0.05,0,3
237,0.1,1,3
237,0.15,1,3
237,0.2,0,3
237,0.25,1,3
237,0.3,0,3
237,0.35,1,3
237,0.4,1,3
237,0.45,0,3
237,0.5,1,3
237,0.55,1,3
237,0.6,0,3
237,0.65,1,3
237,0.7,0,3
237,0.75,0,3
237,0.8,0,3
237,0.85,1,3
237,0.9,1,3
237,0.95,1,3
237,1,0,3
238,0.05,0,3
238,0.1,0,3
238,0.15,0,3
238,0.2,1,3
238,0.25,0,3
238,0.3,1,3
238,0.35,0,3
238,0.4,0,3
238,0.45,0,3
238,0.5,0,3
238,0.55,0,3
238,0.6,1,3
238,0.65,0,3
238,0.7,1,3
238,0.75,1,3
238,0.8,0,3
238,0.85,1,3
238,0.9,0,3
238,0.95,0,3
238,1,1,3
239,0.05,1,3
239,0.1,0,3
239,0.15,1,3
239,0.2,0,3
239,0.25,0,3
239,0.3,0,3
239,0.35,0,3
239,0.4,1,3
239,0.45,1,3
239,0.5,0,3
239,0.55,0,3
239,0.6,0,3
239,0.65,0,3
239,0.7,1,3
239,0.75,0,3
239,0.8,1,3
239,0.85,0,3
239,0.9,0,3
239,0.95,1,3
239,1,0,3
240,0.05,0,3
240,0.1,1,3
240,0.15,0,3
240,0.2,0,3
240,0.25,1,3
240,0.3,0,3
240,0.35,1,3
240,0.4,0,3
240,0.45,1,3
240,0.5,1,3
240,0.55,1,3
240,0.6,0,3
240,0.65,1,3
240,0.7,1,3
240,0.75,1,3
240,0.8,0,3
240,0.85,1,3
240,0.9,0,3
240,0.95,0,3
240,1,0,3
241,0.05,1,3
241,0.1,1,3
241,0.15,1,3
241,0.2,0,3
241,0.25,0,3
241,0.3,1,3
241,0.35,1,3
241,0.4,0,3
241,0.45,0,3
241,0.5,0,3
241,0.55,1,3
241,0.6,1,3
241,0.65,0,3
241,0.7,0,3
241,0.75,1,3
241,0.8,1,3
241,0.85,1,3
241,0.9,1,3
241,0.95,0,3
241,1,1,3
242,0.05,0,3
242,0.1,1,3
242,0.15,0,3
242,0.2,1,3
242,0.25,0,3
242,0.3,1,3
242,0.35,1,3
242,0.4,1,3
242,0.45,1,3
242,0.5,1,3
242,0.55,1,3
242,0.6,0,3
242,0.65,1,3
242,0.7,0,3
242,0.75,1,3
242,0.8,0,3
242,0.85,1,3
242,0.9,1,3
242,0.95,0,3
242,1,1,3
243,0.05,0,3
243,0.1,0,3
243,0.15,1,3
243,0.2,1,3
243,0.25,0,3
243,0.3,1,3
243,0.35,0,3
243,0.4,1,3
243,0.45,0,3
243,0.5,0,3
243,0.55,0,3
243,0.6,0,3
243,0.65,1,3
243,0.7,0,3
243,0.75,0,3
243,0.8,0,3
243,0.85,0,3
243,0.9,1,3
243,0.95,1,3
243,1,0,3
244,0.05,1,3
244,0.1,1,3
244,0.15,1,3
244,0.2,0,3
244,0.25,1,3
244,0.3,0,3
244,0.35,1,3
244,0.4,0,3
244,0.45,1,3
244,0.5,0,3
244,0.55,1,3
244,0.6,0,3
244,0.65,0,3
244,0.7,0,3
244,0.75,0,3
244,0.8,0,3
244,0.85,0,3
244,0.9,1,3
244,0.95,0,3
244,1,1,3
245,0.05,1,3
245,0.1,1,3
245,0.15,1,3
245,0.2,0,3
245,0.25,1,3
245,0.3,1,3
245,0.35,1,3
245,0.4,1,3
245,0.45,0,3
245,0.5,0,3
245,0.55,1,3
245,0.6,1,3
245,0.65,0,3
245,0.7,1,3
245,0.75,0,3
245,0.8,1,3
245,0.85,1,3
245,0.9,1,3
245,0.95,0,3
245,1,0,3
246,0.05,0,3
246,0.1,0,3
246,0.15,1,3
246,0.2,0,3
246,0.25,1,3
246,0.3,1,3
246,0.35,1,3
246,0.4,0,3
246,0.45,0,3
246,0.5,0,3
246,0.55,0,3
246,0.6,0,3
246,0.65,0,3
246,0.7,0,3
246,0.75,0,3
246,0.8,0,3
246,0.85,0,3
246,0.9,1,3
246,0.95,0,3
246,1,0,3
247,0.05,0,3
247,0.1,1,3
247,0.15,1,3
247,0.2,0,3
247,0.25,1,3
247,0.3,0,3
247,0.35,1,3
247,0.4,0,3
247,0.45,1,3
247,0.5,0,3
247,0.55,1,3
247,0.6,1,3
247,0.65,1,3
247,0.7,1,3
247,0.75,0,3
247,0.8,0,3
247,0.85,0,3
247,0.9,0,3
247,0.95,1,3
247,1,1,3
248,0.05,1,3
248,0.1,0,3
248,0.15,1,3
248,0.2,1,3
248,0.25,0,3
248,0.3,1,3
248,0.35,1,3
248,0.4,0,3
248,0.45,1,3
248,0.5,0,3
248,0.55,0,3
248,0.6,0,3
248,0.65,0,3
248,0.7,0,3
248,0.75,1,3
248,0.8,0,3
248,0.85,1,3
248,0.9,1,3
248,0.95,0,3
248,1,1,3
249,0.05,1,3
249,0.1,0,3
249,0.15,1,3
249,0.2,0,3
249,0.25,1,3
249,0.3,1,3
249,0.35,0,3
249,0.4,1,3
249,0.45,0,3
249,0.5,0,3
249,0.55,0,3
249,0.6,1,3
249,0.65,0,3
249,0.7,1,3
249,0.75,0,3
249,0.8,1,3
249,0.85,1,3
249,0.9,1,3
249,0.95,0,3
249,1,1,3
250,0.05,1,3
250,0.1,0,3
250,0.15,0,3
250,0.2,1,3
250,0.25,0,3
250,0.3,0,3
250,0.35,0,3
250,0.4,1,3
250,0.45,0,3
250,0.5,1,3
250,0.55,1,3
250,0.6,1,3
250,0.65,0,3
250,0.7,0,3
250,0.75,1,3
250,0.8,0,3
250,0.85,1,3
250,0.9,0,3
250,0.95,1,3
250,1,0,3
251,0.05,0,3
251,0.1,0,3
251,0.15,1,3
251,0.2,0,3
251,0.25,0,3
251,0.3,0,3
251,0.35,1,3
251,0.4,1,3
251,0.45,0,3
251,0.5,1,3
251,0.55,1,3
251,0.6,1,3
251,0.65,0,3
251,0.7,1,3
251,0.75,0,3
251,0.8,0,3
251,0.85,0,3
251,0.9,1,3
251,0.95,0,3
251,1,1,3
252,0.05,0,3
252,0.1,1,3
252,0.15,1,3
252,0.2,0,3
252,0.25,0,3
252,0.3,1,3
252,0.35,1,3
252,0.4,1,3
252,0.45,0,3
252,0.5,0,3
252,0.55,1,3
252,0.6,0,3
252,0.65,1,3
252,0.7,0,3
252,0.75,0,3
252,0.8,1,3
252,0.85,1,3
252,0.9,0,3
252,0.95,0,3
252,1,1,3
253,0.05,0,3
253,0.1,0,3
253,0.15,0,3
253,0.2,0,3
253,0.25,1,3
253,0.3,1,3
253,0.35,0,3
253,0.4,0,3
253,0.45,1,3
253,0.5,0,3
253,0.55,1,3
253,0.6,0,3
253,0.65,0,3
253,0.7,0,3
253,0.75,1,3
253,0.8,1,3
253,0.85,1,3
253,0.9,0,3
253,0.95,0,3
253,1,0,3
254,0.05,0,3
254,0.1,1,3
254,0.15,1,3
254,0.2,0,3
254,0.25,1,3
254,0.3,0,3
254,0.35,1,3
254,0.4,1,3
254,0.45,1,3
254,0.5,0,3
254,0.55,1,3
254,0.6,0,3
254,0.65,1,3
254,0.7,1,3
254,0.75,0,3
254,0.8,0,3
254,0.85,1,3
254,0.9,0,3
254,0.95,0,3
254,1,1,3
255,0.05,1,3
255,0.1,1,3
255,0.15,0,3
255,0.2,1,3
255,0.25,0,3
255,0.3,0,3
255,0.35,1,3
255,0.4,1,3
255,0.45,0,3
255,0.5,1,3
255,0.55,1,3
255,0.6,1,3
255,0.65,0,3
255,0.7,1,3
255,0.75,1,3
255,0.8,1,3
255,0.85,1,3
255,0.9,1,3
255,0.95,0,3
255,1,0,3
256,0.05,1,3
256,0.1,1,3
256,0.15,1,3
256,0.2,1,3
256,0.25,1,3
256,0.3,1,3
256,0.35,0,3
256,0.4,1,3
256,0.45,1,3
256,0.5,0,3
256,0.55,0,3
256,0.6,1,3
256,0.65,0,3
256,0.7,1,3
256,0.75,0,3
256,0.8,0,3
256,0.85,1,3
256,0.9,1,3
256,0.95,0,3
256,1,1,3
257,0.05,0,3
257,0.1,1,3
257,0.15,0,3
257,0.2,0,3
257,0.25,1,3
257,0.3,0,3
257,0.35,0,3
257,0.4,0,3
257,0.45,0,3
257,0.5,0,3
257,0.55,0,3
257,0.6,1,3
257,0.65,0,3
257,0.7,0,3
257,0.75,0,3
257,0.8,1,3
257,0.85,0,3
257,0.9,0,3
257,0.95,0,3
257,1,0,3
258,0.05,0,3
258,0.1,1,3
258,0.15,0,3
258,0.2,1,3
258,0.25,1,3
258,0.3,1,3
258,0.35,0,3
258,0.4,0,3
258,0.45,1,3
258,0.5,0,3
258,0.55,0,3
258,0.6,1,3
258,0.65,0,3
258,0.7,1,3
258,0.75,1,3
258,0.8,1,3
258,0.85,1,3
258,0.9,0,3
258,0.95,1,3
258,1,1,3
259,0.05,0,3
259,0.1,1,3
259,0.15,1,3
259,0.2,1,3
259,0.25,0,3
259,0.3,1,3
259,0.35,0,3
259,0.4,0,3
259,0.45,1,3
259,0.5,0,3
259,0.55,1,3
259,0.6,0,3
259,0.65,0,3
259,0.7,0,3
259,0.75,1,3
259,0.8,1,3
259,0.85,1,3
259,0.9,0,3
259,0.95,1,3
259,1,0,3
260,0.05,1,3
260,0.1,1,3
260,0.15,0,3
260,0.2,0,3
260,0.25,0,3
260,0.3,0,3
260,0.35,1,3
260,0.4,0,3
260,0.45,1,3
260,0.5,0,3
260,0.55,0,3
260,0.6,1,3
260,0.65,0,3
260,0.7,1,3
260,0.75,1,3
260,0.8,0,3
260,0.85,0,3
260,0.9,0,3
260,0.95,0,3
260,1,0,3
261,0.05,0,3
261,0.1,0,3
261,0.15,0,3
261,0.2,1,3
261,0.25,0,3
261,0.3,1,3
261,0.35,1,3
261,0.4,1,3
261,0.45,1,3
261,0.5,0,3
261,0.55,0,3
261,0.6,1,3
261,0.65,0,3
261,0.7,1,3
261,0.75,1,3
261,0.8,0,3
261,0.85,0,3
261,0.9,0,3
261,0.95,0,3
261,1,0,3
262,0.05,1,3
262,0.1,0,3
262,0.15,1,3
262,0.2,0,3
262,0.25,0,3
262,0.3,0,3
262,0.35,1,3
262,0.4,0,3
262,0.45,1,3
262,0.5,1,3
262,0.55,0,3
262,0.6,0,3
262,0.65,0,3
262,0.7,0,3
262,0.75,0,3
262,0.8,1,3
262,0.85,0,3
262,0.9,1,3
262,0.95,0,3
262,1,0,3
263,0.05,0,3
263,0.1,0,3
263,0.15,1,3
263,0.2,1,3
263,0.25,1,3
263,0.3,1,3
263,0.35,0,3
263,0.4,1,3
263,0.45,1,3
263,0.5,0,3
263,0.55,0,3
263,0.6,0,3
263,0.65,0,3
263,0.7,1,3
263,0.75,0,3
263,0.8,1,3
263,0.85,0,3
263,0.9,1,3
263,0.95,0,3
263,1,0,3
264,0.05,0,3
264,0.1,1,3
264,0.15,1,3
264,0.2,1,3
264,0.25,0,3
264,0.3,1,3
264,0.35,1,3
264,0.4,0,3
264,0.45,1,3
264,0.5,0,3
264,0.55,1,3
264,0.6,0,3
264,0.65,1,3
264,0.7,0,3
264,0.75,1,3
264,0.8,0,3
264,0.85,0,3
264,0.9,0,3
264,0.95,0,3
264,1,1,3
265,0.05,1,3
265,0.1,1,3
265,0.15,1,3
265,0.2,1,3
265,0.25,0,3
265,0.3,0,3
265,0.35,1,3
265,0.4,1,3
265,0.45,1,3
265,0.5,1,3
265,0.55,1,3
265,0.6,1,3
265,0.65,0,3
265,0.7,1,3
265,0.75,1,3
265,0.8,0,3
265,0.85,0,3
265,0.9,0,3
265,0.95,1,3
265,1,1,3
266,0.05,1,3
266,0.1,0,3
266,0.15,0,3
266,0.2,1,3
266,0.25,0,3
266,0.3,1,3
266,0.35,1,3
266,0.4,1,3
266,0.45,1,3
266,0.5,0,3
266,0.55,0,3
266,0.6,0,3
266,0.65,0,3
266,0.7,1,3
266,0.75,1,3
266,0.8,0,3
266,0.85,1,3
266,0.9,1,3
266,0.95,0,3
266,1,1,3
267,0.05,1,3
267,0.1,0,3
267,0.15,0,3
267,0.2,1,3
267,0.25,1,3
267,0.3,0,3
267,0.35,0,3
267,0.4,1,3
267,0.45,1,3
267,0.5,1,3
267,0.55,1,3
267,0.6,0,3
267,0.65,0,3
267,0.7,1,3
267,0.75,1,3
267,0.8,1,3
267,0.85,1,3
267,0.9,1,3
267,0.95,1,3
267,1,1,3
268,0.05,1,3
268,0.1,1,3
268,0.15,0,3
268,0.2,1,3
268,0.25,1,3
268,0.3,0,3
268,0.35,0,3
268,0.4,0,3
268,0.45,1,3
268,0.5,0,3
268,0.55,0,3
268,0.6,0,3
268,0.65,0,3
268,0.7,0,3
268,0.75,1,3
268,0.8,1,3
268,0.85,1,3
268,0.9,1,3
268,0.95,0,3
268,1,0,3
269,0.05,0,3
269,0.1,0,3
269,0.15,0,3
269,0.2,0,3
269,0.25,0,3
269,0.3,0,3
269,0.35,1,3
269,0.4,1,3
269,0.45,1,3
269,0.5,0,3
269,0.55,1,3
269,0.6,0,3
269,0.65,0,3
269,0.7,0,3
269,0.75,1,3
269,0.8,1,3
269,0.85,1,3
269,0.9,1,3
269,0.95,0,3
269,1,0,3
270,0.05,0,3
270,0.1,1,3
270,0.15,0,3
270,0.2,0,3
270,0.25,1,3
270,0.3,0,3
270,0.35,1,3
270,0.4,1,3
270,0.45,1,3
270,0.5,1,3
270,0.55,0,3
270,0.6,0,3
270,0.65,0,3
270,0.7,0,3
270,0.75,1,3
270,0.8,0,3
270,0.85,0,3
270,0.9,0,3
270,0.95,0,3
270,1,0,3
271,0.05,1,3
271,0.1,0,3
271,0.15,1,3
271,0.2,0,3
271,0.25,1,3
271,0.3,0,3
271,0.35,0,3
271,0.4,1,3
271,0.45,0,3
271,0.5,0,3
271,0.55,1,3
271,0.6,1,3
271,0.65,0,3
271,0.7,1,3
271,0.75,0,3
271,0.8,0,3
271,0.85,0,3
271,0.9,0,3
271,0.95,1,3
271,1,0,3
272,0.05,0,3
272,0.1,1,3
272,0.15,0,3
272,0.2,0,3
272,0.25,0,3
272,0.3,0,3
272,0.35,0,3
272,0.4,1,3
272,0.45,1,3
272,0.5,0,3
272,0.55,0,3
272,0.6,1,3
272,0.65,1,3
272,0.7,0,3
272,0.75,0,3
272,0.8,0,3
272,0.85,1,3
272,0.9,0,3
272,0.95,0,3
272,1,0,3
273,0.05,0,3
273,0.1,0,3
273,0.15,0,3
273,0.2,0,3
273,0.25,0,3
273,0.3,0,3
273,0.35,1,3
273,0.4,1,3
273,0.45,0,3
273,0.5,0,3
273,0.55,0,3
273,0.6,1,3
273,0.65,0,3
273,0.7,0,3
273,0.75,1,3
273,0.8,1,3
273,0.85,0,3
273,0.9,0,3
273,0.95,0,3
273,1,0,3
274,0.05,0,3
274,0.1,0,3
274,0.15,0,3
274,0.2,1,3
274,0.25,0,3
274,0.3,1,3
274,0.35,1,3
274,0.4,1,3
274,0.45,1,3
274,0.5,1,3
274,0.55,0,3
274,0.6,1,3
274,0.65,1,3
274,0.7,1,3
274,0.75,1,3
274,0.8,1,3
274,0.85,1,3
274,0.9,1,3
274,0.95,1,3
274,1,1,3
275,0.05,0,3
275,0.1,0,3
275,0.15,0,3
275,0.2,0,3
275,0.25,1,3
275,0.3,1,3
275,0.35,1,3
275,0.4,1,3
275,0.45,0,3
275,0.5,1,3
275,0.55,0,3
275,0.6,0,3
275,0.65,0,3
275,0.7,1,3
275,0.75,0,3
275,0.8,0,3
275,0.85,0,3
275,0.9,0,3
275,0.95,1,3
275,1,0,3
276,0.05,1,3
276,0.1,0,3
276,0.15,1,3
276,0.2,0,3
276,0.25,1,3
276,0.3,0,3
276,0.35,1,3
276,0.4,0,3
276,0.45,1,3
276,0.5,1,3
276,0.55,1,3
276,0.6,1,3
276,0.65,1,3
276,0.7,0,3
276,0.75,1,3
276,0.8,1,3
276,0.85,0,3
276,0.9,1,3
276,0.95,1,3
276,1,1,3
277,0.05,1,3
277,0.1,0,3
277,0.15,0,3
277,0.2,0,3
277,0.25,0,3
277,0.3,0,3
277,0.35,0,3
277,0.4,0,3
277,0.45,0,3
277,0.5,0,3
277,0.55,0,3
277,0.6,0,3
277,0.65,1,3
277,0.7,1,3
277,0.75,1,3
277,0.8,0,3
277,0.85,0,3
277,0.9,0,3
277,0.95,1,3
277,1,1,3
278,0.05,1,3
278,0.1,0,3
278,0.15,1,3
278,0.2,0,3
278,0.25,0,3
278,0.3,1,3
278,0.35,1,3
278,0.4,1,3
278,0.45,1,3
278,0.5,0,3
278,0.55,1,3
278,0.6,0,3
278,0.65,1,3
278,0.7,1,3
278,0.75,1,3
278,0.8,1,3
278,0.85,1,3
278,0.9,1,3
278,0.95,0,3
278,1,1,3
279,0.05,0,3
279,0.1,0,3
279,0.15,0,3
279,0.2,0,3
279,0.25,1,3
279,0.3,1,3
279,0.35,1,3
279,0.4,0,3
279,0.45,1,3
279,0.5,0,3
279,0.55,1,3
279,0.6,1,3
279,0.65,1,3
279,0.7,0,3
279,0.75,0,3
279,0.8,0,3
279,0.85,0,3
279,0.9,0,3
279,0.95,1,3
279,1,0,3
280,0.05,1,3
280,0.1,1,3
280,0.15,0,3
280,0.2,1,3
280,0.25,1,3
280,0.3,1,3
280,0.35,0,3
280,0.4,1,3
280,0.45,1,3
280,0.5,1,3
280,0.55,0,3
280,0.6,1,3
280,0.65,0,3
280,0.7,0,3
280,0.75,0,3
280,0.8,0,3
280,0.85,0,3
280,0.9,0,3
280,0.95,1,3
280,1,0,3
281,0.05,1,3
281,0.1,0,3
281,0.15,0,3
281,0.2,1,3
281,0.25,1,3
281,0.3,0,3
281,0.35,0,3
281,0.4,1,3
281,0.45,0,3
281,0.5,1,3
281,0.55,1,3
281,0.6,0,3
281,0.65,1,3
281,0.7,0,3
281,0.75,0,3
281,0.8,1,3
281,0.85,0,3
281,0.9,1,3
281,0.95,0,3
281,1,0,3
282,0.05,0,3
282,0.1,1,3
282,0.15,1,3
282,0.2,1,3
282,0.25,1,3
282,0.3,1,3
282,0.35,0,3
282,0.4,1,3
282,0.45,1,3
282,0.5,0,3
282,0.55,0,3
282,0.6,0,3
282,0.65,1,3
282,0.7,0,3
282,0.75,0,3
282,0.8,1,3
282,0.85,0,3
282,0.9,1,3
282,0.95,1,3
282,1,0,3
283,0.05,0,3
283,0.1,1,3
283,0.15,1,3
283,0.2,1,3
283,0.25,1,3
283,0.3,1,3
283,0.35,0,3
283,0.4,0,3
283,0.45,0,3
283,0.5,0,3
283,0.55,1,3
283,0.6,1,3
283,0.65,1,3
283,0.7,1,3
283,0.75,1,3
283,0.8,1,3
283,0.85,0,3
283,0.9,1,3
283,0.95,1,3
283,1,1,3
284,0.05,0,3
284,0.1,1,3
284,0.15,0,3
284,0.2,0,3
284,0.25,0,3
284,0.3,1,3
284,0.35,0,3
284,0.4,0,3
284,0.45,0,3
284,0.5,0,3
284,0.55,0,3
284,0.6,1,3
284,0.65,0,3
284,0.7,1,3
284,0.75,1,3
284,0.8,0,3
284,0.85,1,3
284,0.9,0,3
284,0.95,1,3
284,1,1,3
285,0.05,1,3
285,0.1,1,3
285,0.15,0,3
285,0.2,0,3
285,0.25,1,3
285,0.3,1,3
285,0.35,0,3
285,0.4,0,3
285,0.45,1,3
285,0.5,1,3
285,0.55,0,3
285,0.6,0,3
285,0.65,1,3
285,0.7,0,3
285,0.75,1,3
285,0.8,0,3
285,0.85,1,3
285,0.9,0,3
285,0.95,0,3
285,1,0,3
286,0.05,1,3
286,0.1,0,3
286,0.15,1,3
286,0.2,0,3
286,0.25,0,3
286,0.3,1,3
286,0.35,1,3
286,0.4,0,3
286,0.45,1,3
286,0.5,0,3
286,0.55,0,3
286,0.6,1,3
286,0.65,1,3
286,0.7,0,3
286,0.75,0,3
286,0.8,0,3
286,0.85,0,3
286,0.9,0,3
286,0.95,1,3
286,1,1,3
287,0.05,0,3
287,0.1,1,3
287,0.15,0,3
287,0.2,0,3
287,0.25,0,3
287,0.3,0,3
287,0.35,0,3
287,0.4,0,3
287,0.45,0,3
287,0.5,0,3
287,0.55,0,3
287,0.6,1,3
287,0.65,1,3
287,0.7,0,3
287,0.75,0,3
287,0.8,0,3
287,0.85,0,3
287,0.9,0,3
287,0.95,0,3
287,1,0,3
288,0.05,1,3
288,0.1,0,3
288,0.15,1,3
288,0.2,1,3
288,0.25,0,3
288,0.3,1,3
288,0.35,1,3
288,0.4,1,3
288,0.45,0,3
288,0.5,0,3
288,0.55,1,3
288,0.6,0,3
288,0.65,1,3
288,0.7,1,3
288,0.75,1,3
288,0.8,0,3
288,0.85,1,3
288,0.9,1,3
288,0.95,1,3
288,1,0,3
289,0.05,1,3
289,0.1,0,3
289,0.15,0,3
289,0.2,1,3
289,0.25,1,3
289,0.3,1,3
289,0.35,1,3
289,0.4,1,3
289,0.45,0,3
289,0.5,0,3
289,0.55,0,3
289,0.6,1,3
289,0.65,0,3
289,0.7,1,3
289,0.75,1,3
289,0.8,0,3
289,0.85,0,3
289,0.9,1,3
289,0.95,0,3
289,1,1,3
290,0.05,1,3
290,0.1,1,3
290,0.15,1,3
290,0.2,1,3
290,0.25,1,3
290,0.3,1,3
290,0.35,0,3
290,0.4,1,3
290,0.45,0,3
290,0.5,1,3
290,0.55,0,3
290,0.6,1,3
290,0.65,0,3
290,0.7,1,3
290,0.75,1,3
290,0.8,1,3
290,0.85,1,3
290,0.9,0,3
290,0.95,0,3
290,1,0,3
291,0.05,0,3
291,0.1,0,3
291,0.15,0,3
291,0.2,1,3
291,0.25,1,3
291,0.3,0,3
291,0.35,0,3
291,0.4,1,3
291,0.45,0,3
291,0.5,1,3
291,0.55,0,3
291,0.6,0,3
291,0.65,1,3
291,0.7,1,3
291,0.75,1,3
291,0.8,1,3
291,0.85,1,3
291,0.9,1,3
291,0.95,0,3
291,1,0,3
292,0.05,0,3
292,0.1,0,3
292,0.15,0,3
292,0.2,1,3
292,0.25,0,3
292,0.3,0,3
292,0.35,0,3
292,0.4,0,3
292,0.45,0,3
292,0.5,1,3
292,0.55,0,3
292,0.6,1,3
292,0.65,0,3
292,0.7,1,3
292,0.75,1,3
292,0.8,0,3
292,0.85,1,3
292,0.9,1,3
292,0.95,1,3
292,1,0,3
293,0.05,1,3
293,0.1,1,3
293,0.15,0,3
293,0.2,1,3
293,0.25,1,3
293,0.3,1,3
293,0.35,1,3
293,0.4,0,3
293,0.45,1,3
293,0.5,1,3
293,0.55,0,3
293,0.6,0,3
293,0.65,0,3
293,0.7,0,3
293,0.75,0,3
293,0.8,1,3
293,0.85,1,3
293,0.9,0,3
293,0.95,1,3
293,1,0,3
294,0.05,1,3
294,0.1,0,3
294,0.15,1,3
294,0.2,0,3
294,0.25,0,3
294,0.3,0,3
294,0.35,0,3
294,0.4,1,3
294,0.45,0,3
294,0.5,0,3
294,0.55,1,3
294,0.6,1,3
294,0.65,0,3
294,0.7,1,3
294,0.75,0,3
294,0.8,0,3
294,0.85,0,3
294,0.9,1,3
294,0.95,0,3
294,1,0,3
295,0.05,0,3
295,0.1,1,3
295,0.15,1,3
295,0.2,0,3
295,0.25,0,3
295,0.3,1,3
295,0.35,1,3
295,0.4,1,3
295,0.45,1,3
295,0.5,0,3
295,0.55,0,3
295,0.6,1,3
295,0.65,1,3
295,0.7,1,3
295,0.75,1,3
295,0.8,1,3
295,0.85,1,3
295,0.9,0,3
295,0.95,0,3
295,1,0,3
296,0.05,0,3
296,0.1,1,3
296,0.15,1,3
296,0.2,1,3
296,0.25,1,3
296,0.3,1,3
296,0.35,1,3
296,0.4,0,3
296,0.45,0,3
296,0.5,1,3
296,0.55,1,3
296,0.6,0,3
296,0.65,1,3
296,0.7,0,3
296,0.75,0,3
296,0.8,1,3
296,0.85,0,3
296,0.9,1,3
296,0.95,1,3
296,1,1,3
297,0.05,1,3
297,0.1,1,3
297,0.15,0,3
297,0.2,1,3
297,0.25,0,3
297,0.3,1,3
297,0.35,0,3
297,0.4,0,3
297,0.45,1,3
297,0.5,0,3
297,0.55,1,3
297,0.6,1,3
297,0.65,1,3
297,0.7,0,3
297,0.75,0,3
297,0.8,1,3
297,0.85,0,3
297,0.9,0,3
297,0.95,0,3
297,1,1,3
298,0.05,0,3
298,0.1,0,3
298,0.15,0,3
298,0.2,1,3
298,0.25,1,3
298,0.3,1,3
298,0.35,1,3
298,0.4,1,3
298,0.45,0,3
298,0.5,1,3
298,0.55,1,3
298,0.6,1,3
298,0.65,0,3
298,0.7,1,3
298,0.75,1,3
298,0.8,1,3
298,0.85,1,3
298,0.9,0,3
298,0.95,1,3
298,1,1,3
299,0.05,1,3
299,0.1,0,3
299,0.15,1,3
299,0.2,0,3
299,0.25,1,3
299,0.3,1,3
299,0.35,1,3
299,0.4,0,3
299,0.45,1,3
299,0.5,0,3
299,0.55,1,3
299,0.6,0,3
299,0.65,0,3
299,0.7,0,3
299,0.75,1,3
299,0.8,1,3
299,0.85,1,3
299,0.9,1,3
299,0.95,1,3
299,1,0,3
300,0.05,0,3
300,0.1,0,3
300,0.15,0,3
300,0.2,0,3
300,0.25,1,3
300,0.3,0,3
300,0.35,0,3
300,0.4,0,3
300,0.45,1,3
300,0.5,1,3
300,0.55,1,3
300,0.6,1,3
300,0.65,0,3
300,0.7,0,3
300,0.75,0,3
300,0.8,1,3
300,0.85,0,3
300,0.9,0,3
300,0.95,1,3
300,1,0,3
301,0.05,1,4
301,0.1,1,4
301,0.15,1,4
301,0.2,1,4
301,0.25,1,4
301,0.3,1,4
301,0.35,0,4
301,0.4,1,4
301,0.45,0,4
301,0.5,1,4
301,0.55,0,4
301,0.6,0,4
301,0.65,0,4
301,0.7,0,4
301,0.75,0,4
301,0.8,0,4
301,0.85,0,4
301,0.9,0,4
301,0.95,0,4
301,1,0,4
302,0.05,0,4
302,0.1,0,4
302,0.15,1,4
302,0.2,0,4
302,0.25,1,4
302,0.3,1,4
302,0.35,1,4
302,0.4,0,4
302,0.45,0,4
302,0.5,1,4
302,0.55,1,4
302,0.6,0,4
302,0.65,0,4
302,0.7,0,4
302,0.75,0,4
302,0.8,0,4
302,0.85,0,4
302,0.9,0,4
302,0.95,0,4
302,1,0,4
303,0.05,1,4
303,0.1,1,4
303,0.15,1,4
303,0.2,1,4
303,0.25,1,4
303,0.3,1,4
303,0.35,0,4
303,0.4,0,4
303,0.45,1,4
303,0.5,1,4
303,0.55,1,4
303,0.6,0,4
303,0.65,0,4
303,0.7,0,4
303,0.75,0,4
303,0.8,0,4
303,0.85,0,4
303,0.9,0,4
303,0.95,0,4
303,1,0,4
304,0.05,1,4
304,0.1,1,4
304,0.15,1,4
304,0.2,0,4
304,0.25,1,4
304,0.3,1,4
304,0.35,0,4
304,0.4,0,4
304,0.45,1,4
304,0.5,1,4
304,0.55,0,4
304,0.6,0,4
304,0.65,0,4
304,0.7,0,4
304,0.75,0,4
304,0.8,0,4
304,0.85,0,4
304,0.9,0,4
304,0.95,0,4
304,1,0,4
305,0.05,1,4
305,0.1,1,4
305,0.15,1,4
305,0.2,1,4
305,0.25,1,4
305,0.3,1,4
305,0.35,1,4
305,0.4,0,4
305,0.45,1,4
305,0.5,0,4
305,0.55,0,4
305,0.6,0,4
305,0.65,1,4
305,0.7,0,4
305,0.75,0,4
305,0.8,0,4
305,0.85,0,4
305,0.9,0,4
305,0.95,0,4
305,1,0,4
306,0.05,1,4
306,0.1,1,4
306,0.15,1,4
306,0.2,1,4
306,0.25,1,4
306,0.3,0,4
306,0.35,1,4
306,0.4,1,4
306,0.45,0,4
306,0.5,0,4
306,0.55,1,4
306,0.6,0,4
306,0.65,0,4
306,0.7,0,4
306,0.75,0,4
306,0.8,0,4
306,0.85,0,4
306,0.9,0,4
306,0.95,0,4
306,1,0,4
307,0.05,1,4
307,0.1,1,4
307,0.15,1,4
307,0.2,1,4
307,0.25,1,4
307,0.3,1,4
307,0.35,1,4
307,0.4,0,4
307,0.45,1,4
307,0.5,1,4
307,0.55,0,4
307,0.6,0,4
307,0.65,0,4
307,0.7,0,4
307,0.75,0,4
307,0.8,0,4
307,0.85,0,4
307,0.9,0,4
307,0.95,0,4
307,1,0,4
308,0.05,1,4
308,0.1,1,4
308,0.15,1,4
308,0.2,1,4
308,0.25,0,4
308,0.3,1,4
308,0.35,1,4
308,0.4,1,4
308,0.45,1,4
308,0.5,0,4
308,0.55,0,4
308,0.6,0,4
308,0.65,0,4
308,0.7,0,4
308,0.75,0,4
308,0.8,0,4
308,0.85,0,4
308,0.9,0,4
308,0.95,0,4
308,1,0,4
309,0.05,1,4
309,0.1,1,4
309,0.15,0,4
309,0.2,0,4
309,0.25,1,4
309,0.3,0,4
309,0.35,0,4
309,0.4,0,4
309,0.45,0,4
309,0.5,1,4
309,0.55,0,4
309,0.6,0,4
309,0.65,0,4
309,0.7,0,4
309,0.75,0,4
309,0.8,0,4
309,0.85,0,4
309,0.9,0,4
309,0.95,0,4
309,1,0,4
310,0.05,0,4
310,0.1,0,4
310,0.15,0,4
310,0.2,0,4
310,0.25,1,4
310,0.3,1,4
310,0.35,1,4
310,0.4,1,4
310,0.45,0,4
310,0.5,0,4
310,0.55,1,4
310,0.6,1,4
310,0.65,0,4
310,0.7,0,4
310,0.75,0,4
310,0.8,0,4
310,0.85,0,4
310,0.9,0,4
310,0.95,0,4
310,1,0,4
311,0.05,1,4
311,0.1,1,4
311,0.15,1,4
311,0.2,1,4
311,0.25,1,4
311,0.3,0,4
311,0.35,1,4
311,0.4,0,4
311,0.45,0,4
311,0.5,0,4
311,0.55,0,4
311,0.6,1,4
311,0.65,0,4
311,0.7,0,4
311,0.75,0,4
311,0.8,0,4
311,0.85,0,4
311,0.9,0,4
311,0.95,0,4
311,1,0,4
312,0.05,1,4
312,0.1,1,4
312,0.15,0,4
312,0.2,1,4
312,0.25,1,4
312,0.3,0,4
312,0.35,1,4
312,0.4,1,4
312,0.45,0,4
312,0.5,1,4
312,0.55,0,4
312,0.6,0,4
312,0.65,0,4
312,0.7,0,4
312,0.75,0,4
312,0.8,0,4
312,0.85,0,4
312,0.9,0,4
312,0.95,0,4
312,1,0,4
313,0.05,1,4
313,0.1,1,4
313,0.15,1,4
313,0.2,0,4
313,0.25,1,4
313,0.3,1,4
313,0.35,1,4
313,0.4,1,4
313,0.45,0,4
313,0.5,0,4
313,0.55,0,4
313,0.6,0,4
313,0.65,0,4
313,0.7,0,4
313,0.75,0,4
313,0.8,0,4
313,0.85,0,4
313,0.9,0,4
313,0.95,0,4
313,1,0,4
314,0.05,1,4
314,0.1,1,4
314,0.15,0,4
314,0.2,1,4
314,0.25,0,4
314,0.3,1,4
314,0.35,0,4
314,0.4,1,4
314,0.45,0,4
314,0.5,0,4
314,0.55,0,4
314,0.6,1,4
314,0.65,0,4
314,0.7,0,4
314,0.75,0,4
314,0.8,0,4
314,0.85,0,4
314,0.9,0,4
314,0.95,0,4
314,1,0,4
315,0.05,1,4
315,0.1,1,4
315,0.15,1,4
315,0.2,1,4
315,0.25,1,4
315,0.3,1,4
315,0.35,1,4
315,0.4,1,4
315,0.45,0,4
315,0.5,1,4
315,0.55,0,4
315,0.6,1,4
315,0.65,0,4
315,0.7,0,4
315,0.75,0,4
315,0.8,0,4
315,0.85,0,4
315,0.9,0,4
315,0.95,0,4
315,1,0,4
316,0.05,1,4
316,0.1,1,4
316,0.15,1,4
316,0.2,1,4
316,0.25,1,4
316,0.3,1,4
316,0.35,1,4
316,0.4,1,4
316,0.45,0,4
316,0.5,1,4
316,0.55,1,4
316,0.6,0,4
316,0.65,0,4
316,0.7,0,4
316,0.75,1,4
316,0.8,0,4
316,0.85,0,4
316,0.9,0,4
316,0.95,0,4
316,1,0,4
317,0.05,1,4
317,0.1,1,4
317,0.15,1,4
317,0.2,1,4
317,0.25,1,4
317,0.3,0,4
317,0.35,1,4
317,0.4,0,4
317,0.45,0,4
317,0.5,0,4
317,0.55,0,4
317,0.6,0,4
317,0.65,0,4
317,0.7,0,4
317,0.75,0,4
317,0.8,0,4
317,0.85,0,4
317,0.9,0,4
317,0.95,0,4
317,1,0,4
318,0.05,1,4
318,0.1,0,4
318,0.15,1,4
318,0.2,0,4
318,0.25,0,4
318,0.3,0,4
318,0.35,1,4
318,0.4,0,4
318,0.45,0,4
318,0.5,0,4
318,0.55,0,4
318,0.6,0,4
318,0.65,0,4
318,0.7,0,4
318,0.75,0,4
318,0.8,0,4
318,0.85,0,4
318,0.9,0,4
318,0.95,0,4
318,1,0,4
319,0.05,0,4
319,0.1,1,4
319,0.15,1,4
319,0.2,0,4
319,0.25,1,4
319,0.3,0,4
319,0.35,0,4
319,0.4,0,4
319,0.45,0,4
319,0.5,1,4
319,0.55,0,4
319,0.6,0,4
319,0.65,0,4
319,0.7,0,4
319,0.75,0,4
319,0.8,0,4
319,0.85,0,4
319,0.9,0,4
319,0.95,0,4
319,1,0,4
320,0.05,0,4
320,0.1,1,4
320,0.15,1,4
320,0.2,1,4
320,0.25,0,4
320,0.3,0,4
320,0.35,1,4
320,0.4,0,4
320,0.45,1,4
320,0.5,0,4
320,0.55,0,4
320,0.6,0,4
320,0.65,0,4
320,0.7,0,4
320,0.75,0,4
320,0.8,0,4
320,0.85,0,4
320,0.9,0,4
320,0.95,0,4
320,1,0,4
321,0.05,0,4
321,0.1,1,4
321,0.15,1,4
321,0.2,1,4
321,0.25,1,4
321,0.3,0,4
321,0.35,0,4
321,0.4,0,4
321,0.45,0,4
321,0.5,0,4
321,0.55,0,4
321,0.6,0,4
321,0.65,0,4
321,0.7,0,4
321,0.75,0,4
321,0.8,0,4
321,0.85,0,4
321,0.9,0,4
321,0.95,0,4
321,1,0,4
322,0.05,1,4
322,0.1,0,4
322,0.15,1,4
322,0.2,1,4
322,0.25,1,4
322,0.3,0,4
322,0.35,1,4
322,0.4,1,4
322,0.45,0,4
322,0.5,1,4
322,0.55,0,4
322,0.6,0,4
322,0.65,0,4
322,0.7,0,4
322,0.75,0,4
322,0.8,0,4
322,0.85,0,4
322,0.9,0,4
322,0.95,0,4
322,1,0,4
323,0.05,1,4
323,0.1,0,4
323,0.15,1,4
323,0.2,1,4
323,0.25,1,4
323,0.3,1,4
323,0.35,0,4
323,0.4,1,4
323,0.45,1,4
323,0.5,0,4
323,0.55,0,4
323,0.6,0,4
323,0.65,0,4
323,0.7,0,4
323,0.75,0,4
323,0.8,0,4
323,0.85,0,4
323,0.9,0,4
323,0.95,0,4
323,1,0,4
324,0.05,1,4
324,0.1,1,4
324,0.15,1,4
324,0.2,1,4
324,0.25,0,4
324,0.3,1,4
324,0.35,1,4
324,0.4,1,4
324,0.45,0,4
324,0.5,0,4
324,0.55,0,4
324,0.6,1,4
324,0.65,0,4
324,0.7,0,4
324,0.75,0,4
324,0.8,0,4
324,0.85,0,4
324,0.9,0,4
324,0.95,0,4
324,1,0,4
325,0.05,1,4
325,0.1,1,4
325,0.15,0,4
325,0.2,1,4
325,0.25,1,4
325,0.3,1,4
325,0.35,1,4
325,0.4,1,4
325,0.45,0,4
325,0.5,0,4
325,0.55,0,4
325,0.6,1,4
325,0.65,0,4
325,0.7,0,4
325,0.75,0,4
325,0.8,0,4
325,0.85,0,4
325,0.9,0,4
325,0.95,0,4
325,1,0,4
326,0.05,0,4
326,0.1,1,4
326,0.15,1,4
326,0.2,1,4
326,0.25,1,4
326,0.3,1,4
326,0.35,1,4
326,0.4,0,4
326,0.45,1,4
326,0.5,0,4
326,0.55,0,4
326,0.6,1,4
326,0.65,0,4
326,0.7,0,4
326,0.75,0,4
326,0.8,0,4
326,0.85,0,4
326,0.9,0,4
326,0.95,0,4
326,1,0,4
327,0.05,1,4
327,0.1,0,4
327,0.15,0,4
327,0.2,1,4
327,0.25,1,4
327,0.3,1,4
327,0.35,1,4
327,0.4,1,4
327,0.45,0,4
327,0.5,0,4
327,0.55,1,4
327,0.6,0,4
327,0.65,0,4
327,0.7,0,4
327,0.75,1,4
327,0.8,0,4
327,0.85,0,4
327,0.9,0,4
327,0.95,0,4
327,1,0,4
328,0.05,1,4
328,0.1,1,4
328,0.15,1,4
328,0.2,0,4
328,0.25,1,4
328,0.3,1,4
328,0.35,0,4
328,0.4,1,4
328,0.45,0,4
328,0.5,1,4
328,0.55,0,4
328,0.6,1,4
328,0.65,0,4
328,0.7,0,4
328,0.75,0,4
328,0.8,0,4
328,0.85,0,4
328,0.9,0,4
328,0.95,0,4
328,1,0,4
329,0.05,1,4
329,0.1,1,4
329,0.15,1,4
329,0.2,1,4
329,0.25,1,4
329,0.3,0,4
329,0.35,1,4
329,0.4,1,4
329,0.45,0,4
329,0.5,0,4
329,0.55,0,4
329,0.6,0,4
329,0.65,0,4
329,0.7,0,4
329,0.75,0,4
329,0.8,0,4
329,0.85,0,4
329,0.9,0,4
329,0.95,0,4
329,1,0,4
330,0.05,1,4
330,0.1,0,4
330,0.15,1,4
330,0.2,1,4
330,0.25,1,4
330,0.3,0,4
330,0.35,1,4
330,0.4,1,4
330,0.45,1,4
330,0.5,1,4
330,0.55,0,4
330,0.6,0,4
330,0.65,0,4
330,0.7,0,4
330,0.75,0,4
330,0.8,0,4
330,0.85,0,4
330,0.9,0,4
330,0.95,0,4
330,1,0,4
331,0.05,1,4
331,0.1,1,4
331,0.15,1,4
331,0.2,1,4
331,0.25,1,4
331,0.3,1,4
331,0.35,1,4
331,0.4,0,4
331,0.45,1,4
331,0.5,1,4
331,0.55,0,4
331,0.6,0,4
331,0.65,1,4
331,0.7,0,4
331,0.75,0,4
331,0.8,0,4
331,0.85,0,4
331,0.9,0,4
331,0.95,0,4
331,1,0,4
332,0.05,1,4
332,0.1,1,4
332,0.15,1,4
332,0.2,1,4
332,0.25,1,4
332,0.3,0,4
332,0.35,0,4
332,0.4,0,4
332,0.45,1,4
332,0.5,1,4
332,0.55,1,4
332,0.6,0,4
332,0.65,0,4
332,0.7,0,4
332,0.75,0,4
332,0.8,0,4
332,0.85,0,4
332,0.9,0,4
332,0.95,0,4
332,1,0,4
333,0.05,1,4
333,0.1,1,4
333,0.15,1,4
333,0.2,1,4
333,0.25,1,4
333,0.3,0,4
333,0.35,1,4
333,0.4,1,4
333,0.45,1,4
333,0.5,0,4
333,0.55,0,4
333,0.6,0,4
333,0.65,0,4
333,0.7,0,4
333,0.75,0,4
333,0.8,0,4
333,0.85,0,4
333,0.9,0,4
333,0.95,0,4
333,1,0,4
334,0.05,1,4
334,0.1,1,4
334,0.15,1,4
334,0.2,1,4
334,0.25,1,4
334,0.3,1,4
334,0.35,1,4
334,0.4,1,4
334,0.45,1,4
334,0.5,1,4
334,0.55,0,4
334,0.6,0,4
334,0.65,0,4
334,0.7,0,4
334,0.75,0,4
334,0.8,0,4
334,0.85,0,4
334,0.9,0,4
334,0.95,0,4
334,1,0,4
335,0.05,1,4
335,0.1,1,4
335,0.15,1,4
335,0.2,1,4
335,0.25,0,4
335,0.3,0,4
335,0.35,1,4
335,0.4,1,4
335,0.45,1,4
335,0.5,0,4
335,0.55,0,4
335,0.6,0,4
335,0.65,0,4
335,0.7,0,4
335,0.75,0,4
335,0.8,0,4
335,0.85,0,4
335,0.9,0,4
335,0.95,0,4
335,1,0,4
336,0.05,1,4
336,0.1,1,4
336,0.15,1,4
336,0.2,1,4
336,0.25,1,4
336,0.3,1,4
336,0.35,0,4
336,0.4,1,4
336,0.45,1,4
336,0.5,0,4
336,0.55,0,4
336,0.6,0,4
336,0.65,0,4
336,0.7,0,4
336,0.75,0,4
336,0.8,0,4
336,0.85,0,4
336,0.9,0,4
336,0.95,0,4
336,1,0,4
337,0.05,1,4
337,0.1,1,4
337,0.15,1,4
337,0.2,1,4
337,0.25,1,4
337,0.3,1,4
337,0.35,1,4
337,0.4,0,4
337,0.45,1,4
337,0.5,0,4
337,0.55,0,4
337,0.6,1,4
337,0.65,1,4
337,0.7,0,4
337,0.75,0,4
337,0.8,0,4
337,0.85,0,4
337,0.9,0,4
337,0.95,0,4
337,1,0,4
338,0.05,1,4
338,0.1,1,4
338,0.15,1,4
338,0.2,1,4
338,0.25,0,4
338,0.3,0,4
338,0.35,0,4
338,0.4,0,4
338,0.45,0,4
338,0.5,1,4
338,0.55,0,4
338,0.6,0,4
338,0.65,0,4
338,0.7,0,4
338,0.75,0,4
338,0.8,0,4
338,0.85,0,4
338,0.9,0,4
338,0.95,0,4
338,1,0,4
339,0.05,1,4
339,0.1,1,4
339,0.15,1,4
339,0.2,1,4
339,0.25,0,4
339,0.3,0,4
339,0.35,0,4
339,0.4,0,4
339,0.45,1,4
339,0.5,0,4
339,0.55,0,4
339,0.6,0,4
339,0.65,0,4
339,0.7,0,4
339,0.75,0,4
339,0.8,0,4
339,0.85,0,4
339,0.9,0,4
339,0.95,0,4
339,1,0,4
340,0.05,1,4
340,0.1,0,4
340,0.15,1,4
340,0.2,1,4
340,0.25,1,4
340,0.3,1,4
340,0.35,0,4
340,0.4,1,4
340,0.45,0,4
340,0.5,0,4
340,0.55,0,4
340,0.6,0,4
340,0.65,0,4
340,0.7,0,4
340,0.75,0,4
340,0.8,0,4
340,0.85,0,4
340,0.9,0,4
340,0.95,0,4
340,1,0,4
341,0.05,1,4
341,0.1,0,4
341,0.15,1,4
341,0.2,1,4
341,0.25,1,4
341,0.3,1,4
341,0.35,1,4
341,0.4,1,4
341,0.45,1,4
341,0.5,0,4
341,0.55,1,4
341,0.6,1,4
341,0.65,0,4
341,0.7,0,4
341,0.75,0,4
341,0.8,0,4
341,0.85,0,4
341,0.9,0,4
341,0.95,0,4
341,1,0,4
342,0.05,1,4
342,0.1,1,4
342,0.15,0,4
342,0.2,0,4
342,0.25,1,4
342,0.3,1,4
342,0.35,1,4
342,0.4,1,4
342,0.45,1,4
342,0.5,0,4
342,0.55,0,4
342,0.6,0,4
342,0.65,0,4
342,0.7,0,4
342,0.75,0,4
342,0.8,0,4
342,0.85,0,4
342,0.9,0,4
342,0.95,0,4
342,1,0,4
343,0.05,1,4
343,0.1,1,4
343,0.15,1,4
343,0.2,1,4
343,0.25,1,4
343,0.3,0,4
343,0.35,0,4
343,0.4,0,4
343,0.45,0,4
343,0.5,1,4
343,0.55,1,4
343,0.6,0,4
343,0.65,1,4
343,0.7,0,4
343,0.75,0,4
343,0.8,0,4
343,0.85,0,4
343,0.9,0,4
343,0.95,0,4
343,1,0,4
344,0.05,1,4
344,0.1,1,4
344,0.15,1,4
344,0.2,1,4
344,0.25,0,4
344,0.3,1,4
344,0.35,1,4
344,0.4,1,4
344,0.45,0,4
344,0.5,1,4
344,0.55,1,4
344,0.6,0,4
344,0.65,0,4
344,0.7,0,4
344,0.75,1,4
344,0.8,0,4
344,0.85,0,4
344,0.9,0,4
344,0.95,0,4
344,1,0,4
345,0.05,1,4
345,0.1,0,4
345,0.15,1,4
345,0.2,1,4
345,0.25,0,4
345,0.3,1,4
345,0.35,0,4
345,0.4,0,4
345,0.45,0,4
345,0.5,0,4
345,0.55,0,4
345,0.6,0,4
345,0.65,0,4
345,0.7,0,4
345,0.75,0,4
345,0.8,0,4
345,0.85,0,4
345,0.9,0,4
345,0.95,0,4
345,1,0,4
346,0.05,1,4
346,0.1,1,4
346,0.15,1,4
346,0.2,1,4
346,0.25,0,4
346,0.3,1,4
346,0.35,1,4
346,0.4,1,4
346,0.45,1,4
346,0.5,1,4
346,0.55,0,4
346,0.6,0,4
346,0.65,0,4
346,0.7,0,4
346,0.75,0,4
346,0.8,0,4
346,0.85,0,4
346,0.9,0,4
346,0.95,0,4
346,1,0,4
347,0.05,1,4
347,0.1,1,4
347,0.15,1,4
347,0.2,1,4
347,0.25,1,4
347,0.3,0,4
347,0.35,0,4
347,0.4,0,4
347,0.45,0,4
347,0.5,1,4
347,0.55,0,4
347,0.6,0,4
347,0.65,0,4
347,0.7,0,4
347,0.75,1,4
347,0.8,0,4
347,0.85,0,4
347,0.9,0,4
347,0.95,0,4
347,1,0,4
348,0.05,1,4
348,0.1,1,4
348,0.15,1,4
348,0.2,1,4
348,0.25,1,4
348,0.3,1,4
348,0.35,1,4
348,0.4,1,4
348,0.45,0,4
348,0.5,0,4
348,0.55,0,4
348,0.6,0,4
348,0.65,0,4
348,0.7,0,4
348,0.75,0,4
348,0.8,0,4
348,0.85,0,4
348,0.9,0,4
348,0.95,0,4
348,1,0,4
349,0.05,1,4
349,0.1,1,4
349,0.15,1,4
349,0.2,1,4
349,0.25,1,4
349,0.3,1,4
349,0.35,1,4
349,0.4,1,4
349,0.45,1,4
349,0.5,0,4
349,0.55,0,4
349,0.6,0,4
349,0.65,1,4
349,0.7,0,4
349,0.75,0,4
349,0.8,0,4
349,0.85,0,4
349,0.9,0,4
349,0.95,0,4
349,1,0,4
350,0.05,1,4
350,0.1,1,4
350,0.15,1,4
350,0.2,0,4
350,0.25,1,4
350,0.3,0,4
350,0.35,1,4
350,0.4,1,4
350,0.45,1,4
350,0.5,0,4
350,0.55,1,4
350,0.6,0,4
350,0.65,0,4
350,0.7,0,4
350,0.75,0,4
350,0.8,0,4
350,0.85,0,4
350,0.9,0,4
350,0.95,0,4
350,1,0,4
351,0.05,1,4
351,0.1,1,4
351,0.15,1,4
351,0.2,1,4
351,0.25,1,4
351,0.3,1,4
351,0.35,1,4
351,0.4,0,4
351,0.45,1,4
351,0.5,1,4
351,0.55,1,4
351,0.6,0,4
351,0.65,0,4
351,0.7,0,4
351,0.75,0,4
351,0.8,0,4
351,0.85,0,4
351,0.9,0,4
351,0.95,0,4
351,1,0,4
352,0.05,1,4
352,0.1,1,4
352,0.15,1,4
352,0.2,1,4
352,0.25,1,4
352,0.3,1,4
352,0.35,1,4
352,0.4,0,4
352,0.45,1,4
352,0.5,0,4
352,0.55,0,4
352,0.6,0,4
352,0.65,0,4
352,0.7,0,4
352,0.75,0,4
352,0.8,0,4
352,0.85,0,4
352,0.9,0,4
352,0.95,0,4
352,1,0,4
353,0.05,1,4
353,0.1,1,4
353,0.15,1,4
353,0.2,1,4
353,0.25,1,4
353,0.3,1,4
353,0.35,1,4
353,0.4,0,4
353,0.45,1,4
353,0.5,1,4
353,0.55,0,4
353,0.6,0,4
353,0.65,1,4
353,0.7,0,4
353,0.75,0,4
353,0.8,0,4
353,0.85,0,4
353,0.9,0,4
353,0.95,0,4
353,1,0,4
354,0.05,1,4
354,0.1,1,4
354,0.15,1,4
354,0.2,1,4
354,0.25,1,4
354,0.3,1,4
354,0.35,0,4
354,0.4,0,4
354,0.45,0,4
354,0.5,0,4
354,0.55,0,4
354,0.6,0,4
354,0.65,0,4
354,0.7,0,4
354,0.75,0,4
354,0.8,0,4
354,0.85,0,4
354,0.9,0,4
354,0.95,0,4
354,1,0,4
355,0.05,1,4
355,0.1,1,4
355,0.15,1,4
355,0.2,1,4
355,0.25,1,4
355,0.3,1,4
355,0.35,0,4
355,0.4,1,4
355,0.45,1,4
355,0.5,0,4
355,0.55,1,4
355,0.6,1,4
355,0.65,0,4
355,0.7,0,4
355,0.75,0,4
355,0.8,0,4
355,0.85,0,4
355,0.9,0,4
355,0.95,0,4
355,1,0,4
356,0.05,0,4
356,0.1,1,4
356,0.15,1,4
356,0.2,1,4
356,0.25,1,4
356,0.3,0,4
356,0.35,1,4
356,0.4,1,4
356,0.45,1,4
356,0.5,0,4
356,0.55,0,4
356,0.6,1,4
356,0.65,0,4
356,0.7,0,4
356,0.75,0,4
356,0.8,0,4
356,0.85,0,4
356,0.9,0,4
356,0.95,0,4
356,1,0,4
357,0.05,1,4
357,0.1,1,4
357,0.15,1,4
357,0.2,1,4
357,0.25,0,4
357,0.3,0,4
357,0.35,1,4
357,0.4,0,4
357,0.45,1,4
357,0.5,0,4
357,0.55,1,4
357,0.6,0,4
357,0.65,0,4
357,0.7,0,4
357,0.75,0,4
357,0.8,0,4
357,0.85,0,4
357,0.9,0,4
357,0.95,0,4
357,1,0,4
358,0.05,1,4
358,0.1,1,4
358,0.15,1,4
358,0.2,1,4
358,0.25,1,4
358,0.3,1,4
358,0.35,1,4
358,0.4,1,4
358,0.45,0,4
358,0.5,0,4
358,0.55,0,4
358,0.6,0,4
358,0.65,0,4
358,0.7,0,4
358,0.75,0,4
358,0.8,0,4
358,0.85,0,4
358,0.9,0,4
358,0.95,0,4
358,1,0,4
359,0.05,1,4
359,0.1,0,4
359,0.15,1,4
359,0.2,0,4
359,0.25,0,4
359,0.3,1,4
359,0.35,0,4
359,0.4,0,4
359,0.45,0,4
359,0.5,0,4
359,0.55,0,4
359,0.6,0,4
359,0.65,0,4
359,0.7,0,4
359,0.75,0,4
359,0.8,0,4
359,0.85,0,4
359,0.9,0,4
359,0.95,0,4
359,1,0,4
360,0.05,1,4
360,0.1,1,4
360,0.15,1,4
360,0.2,1,4
360,0.25,1,4
360,0.3,1,4
360,0.35,0,4
360,0.4,1,4
360,0.45,1,4
360,0.5,1,4
360,0.55,0,4
360,0.6,0,4
360,0.65,0,4
360,0.7,0,4
360,0.75,0,4
360,0.8,0,4
360,0.85,0,4
360,0.9,0,4
360,0.95,0,4
360,1,0,4
361,0.05,1,4
361,0.1,1,4
361,0.15,0,4
361,0.2,1,4
361,0.25,0,4
361,0.3,0,4
361,0.35,0,4
361,0.4,0,4
361,0.45,0,4
361,0.5,0,4
361,0.55,0,4
361,0.6,0,4
361,0.65,0,4
361,0.7,0,4
361,0.75,0,4
361,0.8,0,4
361,0.85,0,4
361,0.9,0,4
361,0.95,0,4
361,1,0,4
362,0.05,1,4
362,0.1,1,4
362,0.15,1,4
362,0.2,1,4
362,0.25,1,4
362,0.3,1,4
362,0.35,1,4
362,0.4,1,4
362,0.45,1,4
362,0.5,0,4
362,0.55,0,4
362,0.6,0,4
362,0.65,0,4
362,0.7,0,4
362,0.75,1,4
362,0.8,0,4
362,0.85,0,4
362,0.9,0,4
362,0.95,0,4
362,1,0,4
363,0.05,1,4
363,0.1,1,4
363,0.15,1,4
363,0.2,1,4
363,0.25,1,4
363,0.3,0,4
363,0.35,1,4
363,0.4,1,4
363,0.45,0,4
363,0.5,0,4
363,0.55,0,4
363,0.6,0,4
363,0.65,0,4
363,0.7,0,4
363,0.75,0,4
363,0.8,0,4
363,0.85,0,4
363,0.9,0,4
363,0.95,0,4
363,1,0,4
364,0.05,1,4
364,0.1,1,4
364,0.15,1,4
364,0.2,1,4
364,0.25,0,4
364,0.3,1,4
364,0.35,0,4
364,0.4,0,4
364,0.45,0,4
364,0.5,0,4
364,0.55,1,4
364,0.6,1,4
364,0.65,0,4
364,0.7,1,4
364,0.75,0,4
364,0.8,0,4
364,0.85,0,4
364,0.9,0,4
364,0.95,0,4
364,1,0,4
365,0.05,1,4
365,0.1,1,4
365,0.15,1,4
365,0.2,1,4
365,0.25,0,4
365,0.3,1,4
365,0.35,1,4
365,0.4,0,4
365,0.45,1,4
365,0.5,0,4
365,0.55,1,4
365,0.6,1,4
365,0.65,0,4
365,0.7,0,4
365,0.75,0,4
365,0.8,0,4
365,0.85,0,4
365,0.9,0,4
365,0.95,0,4
365,1,0,4
366,0.05,1,4
366,0.1,1,4
366,0.15,1,4
366,0.2,1,4
366,0.25,1,4
366,0.3,1,4
366,0.35,1,4
366,0.4,1,4
366,0.45,1,4
366,0.5,0,4
366,0.55,0,4
366,0.6,1,4
366,0.65,0,4
366,0.7,0,4
366,0.75,0,4
366,0.8,0,4
366,0.85,0,4
366,0.9,0,4
366,0.95,0,4
366,1,0,4
367,0.05,1,4
367,0.1,1,4
367,0.15,1,4
367,0.2,1,4
367,0.25,1,4
367,0.3,1,4
367,0.35,1,4
367,0.4,0,4
367,0.45,1,4
367,0.5,1,4
367,0.55,1,4
367,0.6,0,4
367,0.65,1,4
367,0.7,0,4
367,0.75,0,4
367,0.8,0,4
367,0.85,0,4
367,0.9,0,4
367,0.95,0,4
367,1,0,4
368,0.05,1,4
368,0.1,1,4
368,0.15,1,4
368,0.2,1,4
368,0.25,1,4
368,0.3,1,4
368,0.35,1,4
368,0.4,1,4
368,0.45,0,4
368,0.5,0,4
368,0.55,0,4
368,0.6,1,4
368,0.65,0,4
368,0.7,0,4
368,0.75,0,4
368,0.8,0,4
368,0.85,0,4
368,0.9,0,4
368,0.95,0,4
368,1,0,4
369,0.05,1,4
369,0.1,1,4
369,0.15,1,4
369,0.2,1,4
369,0.25,0,4
369,0.3,0,4
369,0.35,1,4
369,0.4,1,4
369,0.45,1,4
369,0.5,0,4
369,0.55,0,4
369,0.6,0,4
369,0.65,0,4
369,0.7,0,4
369,0.75,0,4
369,0.8,0,4
369,0.85,0,4
369,0.9,0,4
369,0.95,0,4
369,1,0,4
370,0.05,0,4
370,0.1,0,4
370,0.15,1,4
370,0.2,1,4
370,0.25,1,4
370,0.3,0,4
370,0.35,0,4
370,0.4,0,4
370,0.45,1,4
370,0.5,0,4
370,0.55,0,4
370,0.6,0,4
370,0.65,0,4
370,0.7,0,4
370,0.75,0,4
370,0.8,0,4
370,0.85,0,4
370,0.9,0,4
370,0.95,0,4
370,1,0,4
371,0.05,1,4
371,0.1,1,4
371,0.15,1,4
371,0.2,0,4
371,0.25,1,4
371,0.3,0,4
371,0.35,1,4
371,0.4,0,4
371,0.45,1,4
371,0.5,0,4
371,0.55,0,4
371,0.6,0,4
371,0.65,0,4
371,0.7,0,4
371,0.75,0,4
371,0.8,0,4
371,0.85,0,4
371,0.9,0,4
371,0.95,0,4
371,1,0,4
372,0.05,1,4
372,0.1,1,4
372,0.15,1,4
372,0.2,1,4
372,0.25,1,4
372,0.3,0,4
372,0.35,0,4
372,0.4,0,4
372,0.45,1,4
372,0.5,0,4
372,0.55,1,4
372,0.6,0,4
372,0.65,0,4
372,0.7,0,4
372,0.75,0,4
372,0.8,0,4
372,0.85,0,4
372,0.9,0,4
372,0.95,0,4
372,1,0,4
373,0.05,1,4
373,0.1,1,4
373,0.15,1,4
373,0.2,1,4
373,0.25,1,4
373,0.3,1,4
373,0.35,1,4
373,0.4,0,4
373,0.45,0,4
373,0.5,0,4
373,0.55,0,4
373,0.6,0,4
373,0.65,0,4
373,0.7,0,4
373,0.75,0,4
373,0.8,0,4
373,0.85,0,4
373,0.9,0,4
373,0.95,0,4
373,1,0,4
374,0.05,1,4
374,0.1,1,4
374,0.15,1,4
374,0.2,1,4
374,0.25,1,4
374,0.3,0,4
374,0.35,0,4
374,0.4,1,4
374,0.45,1,4
374,0.5,1,4
374,0.55,0,4
374,0.6,0,4
374,0.65,0,4
374,0.7,0,4
374,0.75,0,4
374,0.8,0,4
374,0.85,0,4
374,0.9,0,4
374,0.95,0,4
374,1,0,4
375,0.05,0,4
375,0.1,0,4
375,0.15,1,4
375,0.2,0,4
375,0.25,1,4
375,0.3,1,4
375,0.35,0,4
375,0.4,0,4
375,0.45,1,4
375,0.5,0,4
375,0.55,0,4
375,0.6,0,4
375,0.65,0,4
375,0.7,0,4
375,0.75,0,4
375,0.8,0,4
375,0.85,0,4
375,0.9,0,4
375,0.95,0,4
375,1,0,4
376,0.05,1,4
376,0.1,1,4
376,0.15,0,4
376,0.2,1,4
376,0.25,1,4
376,0.3,1,4
376,0.35,1,4
376,0.4,1,4
376,0.45,1,4
376,0.5,0,4
376,0.55,0,4
376,0.6,0,4
376,0.65,0,4
376,0.7,0,4
376,0.75,0,4
376,0.8,0,4
376,0.85,0,4
376,0.9,0,4
376,0.95,0,4
376,1,0,4
377,0.05,1,4
377,0.1,1,4
377,0.15,1,4
377,0.2,1,4
377,0.25,1,4
377,0.3,1,4
377,0.35,1,4
377,0.4,1,4
377,0.45,1,4
377,0.5,0,4
377,0.55,0,4
377,0.6,0,4
377,0.65,0,4
377,0.7,0,4
377,0.75,0,4
377,0.8,0,4
377,0.85,0,4
377,0.9,0,4
377,0.95,0,4
377,1,0,4
378,0.05,1,4
378,0.1,1,4
378,0.15,1,4
378,0.2,1,4
378,0.25,0,4
378,0.3,1,4
378,0.35,1,4
378,0.4,1,4
378,0.45,0,4
378,0.5,0,4
378,0.55,1,4
378,0.6,0,4
378,0.65,0,4
378,0.7,0,4
378,0.75,0,4
378,0.8,0,4
378,0.85,0,4
378,0.9,0,4
378,0.95,0,4
378,1,0,4
379,0.05,1,4
379,0.1,1,4
379,0.15,1,4
379,0.2,1,4
379,0.25,1,4
379,0.3,1,4
379,0.35,1,4
379,0.4,0,4
379,0.45,1,4
379,0.5,1,4
379,0.55,1,4
379,0.6,0,4
379,0.65,0,4
379,0.7,0,4
379,0.75,1,4
379,0.8,0,4
379,0.85,0,4
379,0.9,0,4
379,0.95,0,4
379,1,0,4
380,0.05,1,4
380,0.1,1,4
380,0.15,1,4
380,0.2,1,4
380,0.25,1,4
380,0.3,1,4
380,0.35,1,4
380,0.4,0,4
380,0.45,1,4
380,0.5,1,4
380,0.55,0,4
380,0.6,0,4
380,0.65,0,4
380,0.7,0,4
380,0.75,0,4
380,0.8,0,4
380,0.85,0,4
380,0.9,0,4
380,0.95,0,4
380,1,0,4
381,0.05,1,4
381,0.1,1,4
381,0.15,1,4
381,0.2,1,4
381,0.25,1,4
381,0.3,0,4
381,0.35,1,4
381,0.4,0,4
381,0.45,0,4
381,0.5,0,4
381,0.55,0,4
381,0.6,0,4
381,0.65,0,4
381,0.7,1,4
381,0.75,0,4
381,0.8,0,4
381,0.85,0,4
381,0.9,0,4
381,0.95,0,4
381,1,0,4
382,0.05,1,4
382,0.1,0,4
382,0.15,0,4
382,0.2,1,4
382,0.25,0,4
382,0.3,0,4
382,0.35,0,4
382,0.4,0,4
382,0.45,0,4
382,0.5,1,4
382,0.55,1,4
382,0.6,1,4
382,0.65,0,4
382,0.7,0,4
382,0.75,0,4
382,0.8,0,4
382,0.85,0,4
382,0.9,0,4
382,0.95,0,4
382,1,0,4
383,0.05,0,4
383,0.1,1,4
383,0.15,1,4
383,0.2,1,4
383,0.25,1,4
383,0.3,1,4
383,0.35,0,4
383,0.4,0,4
383,0.45,0,4
383,0.5,1,4
383,0.55,0,4
383,0.6,1,4
383,0.65,0,4
383,0.7,1,4
383,0.75,0,4
383,0.8,0,4
383,0.85,0,4
383,0.9,0,4
383,0.95,0,4
383,1,0,4
384,0.05,1,4
384,0.1,0,4
384,0.15,1,4
384,0.2,0,4
384,0.25,1,4
384,0.3,1,4
384,0.35,1,4
384,0.4,1,4
384,0.45,1,4
384,0.5,1,4
384,0.55,0,4
384,0.6,0,4
384,0.65,0,4
384,0.7,0,4
384,0.75,0,4
384,0.8,0,4
384,0.85,0,4
384,0.9,0,4
384,0.95,0,4
384,1,0,4
385,0.05,1,4
385,0.1,1,4
385,0.15,1,4
385,0.2,1,4
385,0.25,1,4
385,0.3,1,4
385,0.35,1,4
385,0.4,1,4
385,0.45,1,4
385,0.5,0,4
385,0.55,1,4
385,0.6,0,4
385,0.65,0,4
385,0.7,0,4
385,0.75,1,4
385,0.8,0,4
385,0.85,0,4
385,0.9,0,4
385,0.95,0,4
385,1,0,4
386,0.05,1,4
386,0.1,1,4
386,0.15,1,4
386,0.2,1,4
386,0.25,0,4
386,0.3,0,4
386,0.35,0,4
386,0.4,0,4
386,0.45,0,4
386,0.5,0,4
386,0.55,0,4
386,0.6,0,4
386,0.65,0,4
386,0.7,0,4
386,0.75,0,4
386,0.8,0,4
386,0.85,0,4
386,0.9,0,4
386,0.95,0,4
386,1,0,4
387,0.05,1,4
387,0.1,1,4
387,0.15,1,4
387,0.2,0,4
387,0.25,1,4
387,0.3,0,4
387,0.35,0,4
387,0.4,0,4
387,0.45,1,4
387,0.5,0,4
387,0.55,0,4
387,0.6,0,4
387,0.65,0,4
387,0.7,0,4
387,0.75,0,4
387,0.8,0,4
387,0.85,0,4
387,0.9,0,4
387,0.95,0,4
387,1,0,4
388,0.05,1,4
388,0.1,1,4
388,0.15,1,4
388,0.2,1,4
388,0.25,1,4
388,0.3,0,4
388,0.35,1,4
388,0.4,1,4
388,0.45,1,4
388,0.5,0,4
388,0.55,1,4
388,0.6,0,4
388,0.65,0,4
388,0.7,0,4
388,0.75,0,4
388,0.8,0,4
388,0.85,0,4
388,0.9,0,4
388,0.95,0,4
388,1,0,4
389,0.05,1,4
389,0.1,1,4
389,0.15,0,4
389,0.2,0,4
389,0.25,1,4
389,0.3,1,4
389,0.35,1,4
389,0.4,0,4
389,0.45,0,4
389,0.5,0,4
389,0.55,0,4
389,0.6,0,4
389,0.65,0,4
389,0.7,0,4
389,0.75,0,4
389,0.8,0,4
389,0.85,0,4
389,0.9,0,4
389,0.95,0,4
389,1,0,4
390,0.05,0,4
390,0.1,1,4
390,0.15,1,4
390,0.2,1,4
390,0.25,0,4
390,0.3,1,4
390,0.35,1,4
390,0.4,1,4
390,0.45,0,4
390,0.5,0,4
390,0.55,0,4
390,0.6,1,4
390,0.65,0,4
390,0.7,0,4
390,0.75,1,4
390,0.8,0,4
390,0.85,0,4
390,0.9,0,4
390,0.95,0,4
390,1,0,4
391,0.05,1,4
391,0.1,1,4
391,0.15,1,4
391,0.2,1,4
391,0.25,1,4
391,0.3,1,4
391,0.35,1,4
391,0.4,1,4
391,0.45,1,4
391,0.5,1,4
391,0.55,0,4
391,0.6,0,4
391,0.65,1,4
391,0.7,0,4
391,0.75,0,4
391,0.8,0,4
391,0.85,0,4
391,0.9,0,4
391,0.95,0,4
391,1,0,4
392,0.05,0,4
392,0.1,1,4
392,0.15,0,4
392,0.2,1,4
392,0.25,1,4
392,0.3,0,4
392,0.35,0,4
392,0.4,1,4
392,0.45,0,4
392,0.5,1,4
392,0.55,0,4
392,0.6,0,4
392,0.65,0,4
392,0.7,0,4
392,0.75,0,4
392,0.8,0,4
392,0.85,0,4
392,0.9,0,4
392,0.95,0,4
392,1,0,4
393,0.05,1,4
393,0.1,1,4
393,0.15,1,4
393,0.2,1,4
393,0.25,1,4
393,0.3,1,4
393,0.35,1,4
393,0.4,1,4
393,0.45,1,4
393,0.5,0,4
393,0.55,0,4
393,0.6,1,4
393,0.65,0,4
393,0.7,1,4
393,0.75,0,4
393,0.8,0,4
393,0.85,0,4
393,0.9,0,4
393,0.95,0,4
393,1,0,4
394,0.05,1,4
394,0.1,1,4
394,0.15,1,4
394,0.2,1,4
394,0.25,1,4
394,0.3,1,4
394,0.35,1,4
394,0.4,1,4
394,0.45,0,4
394,0.5,0,4
394,0.55,0,4
394,0.6,1,4
394,0.65,0,4
394,0.7,1,4
394,0.75,0,4
394,0.8,0,4
394,0.85,0,4
394,0.9,0,4
394,0.95,0,4
394,1,0,4
395,0.05,1,4
395,0.1,1,4
395,0.15,1,4
395,0.2,1,4
395,0.25,1,4
395,0.3,1,4
395,0.35,1,4
395,0.4,1,4
395,0.45,1,4
395,0.5,1,4
395,0.55,0,4
395,0.6,0,4
395,0.65,0,4
395,0.7,0,4
395,0.75,0,4
395,0.8,0,4
395,0.85,0,4
395,0.9,0,4
395,0.95,0,4
395,1,0,4
396,0.05,0,4
396,0.1,1,4
396,0.15,1,4
396,0.2,0,4
396,0.25,1,4
396,0.3,1,4
396,0.35,0,4
396,0.4,1,4
396,0.45,1,4
396,0.5,0,4
396,0.55,0,4
396,0.6,1,4
396,0.65,0,4
396,0.7,1,4
396,0.75,0,4
396,0.8,0,4
396,0.85,0,4
396,0.9,0,4
396,0.95,0,4
396,1,0,4
397,0.05,1,4
397,0.1,1,4
397,0.15,1,4
397,0.2,1,4
397,0.25,1,4
397,0.3,0,4
397,0.35,1,4
397,0.4,1,4
397,0.45,0,4
397,0.5,1,4
397,0.55,0,4
397,0.6,1,4
397,0.65,0,4
397,0.7,1,4
397,0.75,0,4
397,0.8,0,4
397,0.85,0,4
397,0.9,0,4
397,0.95,0,4
397,1,0,4
398,0.05,1,4
398,0.1,1,4
398,0.15,1,4
398,0.2,1,4
398,0.25,1,4
398,0.3,1,4
398,0.35,1,4
398,0.4,1,4
398,0.45,1,4
398,0.5,1,4
398,0.55,0,4
398,0.6,0,4
398,0.65,0,4
398,0.7,0,4
398,0.75,0,4
398,0.8,0,4
398,0.85,0,4
398,0.9,0,4
398,0.95,0,4
398,1,0,4
399,0.05,1,4
399,0.1,1,4
399,0.15,1,4
399,0.2,1,4
399,0.25,0,4
399,0.3,1,4
399,0.35,1,4
399,0.4,0,4
399,0.45,0,4
399,0.5,1,4
399,0.55,0,4
399,0.6,0,4
399,0.65,0,4
399,0.7,0,4
399,0.75,0,4
399,0.8,0,4
399,0.85,0,4
399,0.9,0,4
399,0.95,0,4
399,1,0,4
400,0.05,1,4
400,0.1,1,4
400,0.15,1,4
400,0.2,1,4
400,0.25,0,4
400,0.3,1,4
400,0.35,0,4
400,0.4,1,4
400,0.45,1,4
400,0.5,0,4
400,0.55,0,4
400,0.6,0,4
400,0.65,0,4
400,0.7,0,4
400,0.75,0,4
400,0.8,0,4
400,0.85,0,4
400,0.9,0,4
400,0.95,0,4
400,1,0,4
